study_id	bioproject_id	sample_id	library_strategy	organism	organism_enriched	organism_ontology	tissue	tissue_enriched	tissue_ontology	cell_type	cell_type_enriched	cell_type_ontology	cell_line	cell_line_enriched	cell_line_ontology	strain	strain_enriched	strain_ontology	developmental_stage	developmental_stage_enriched	developmental_stage_ontology	genotype	genotype_enriched	genotype_ontology	age	age_enriched	age_ontology	sex	sex_enriched	sex_ontology	condition	condition_enriched	condition_ontology	treatment	treatment_enriched	treatment_ontology	timepoint	timepoint_enriched	timepoint_ontology	replicate	replicate_enriched	replicate_ontology	batch	batch_enriched	batch_ontology	disease	disease_enriched	disease_ontology	stress	stress_enriched	stress_ontology	temperature	temperature_enriched	temperature_ontology	growth_condition	growth_condition_enriched	growth_condition_ontology	sample_title	sample_description
PRJNA1009809		SRS18719023	OTHER	Danio rerio	no	NCBITaxon:7955	blastula	no	UBERON:0000307		no			no		TLAB strain	no		Sphere (4 hpf)	no			no			no			no			no		100 µg/ml CHX, 100 µg/ml TIG	no			no			no			no			no			no			no			no		WT sphere (4 hpf) Ribo-seq rep1	
PRJNA1009809		SRS18719024	OTHER	Danio rerio	no	NCBITaxon:7955	gastrula	no	UBERON:0004734		no			no		TLAB strain	no		Bud (10 hpf)	no			no			no			no			no		100 µg/ml CHX, 100 µg/ml TIG	no			no			no			no			no			no			no			no		WT bud (10 hpf) Ribo-seq rep1	
PRJNA288987		SRS979503	RNA-Seq	Danio rerio	no	NCBITaxon:7955		no			no			no		TL/AB	no		2-4 cells	no			no			no			no			no			no			no			no			no			no			no			no			no		2012-07-26_2-4Cell	
PRJNA288987		SRS979504	RNA-Seq	Danio rerio	no	NCBITaxon:7955		no			no			no		TL/AB	no		256 cells	no			no			no			no			no			no			no			no			no			no			no			no			no		2012-07-26_256Cell	
PRJNA288987		SRS979502	RNA-Seq	Danio rerio	no	NCBITaxon:7955		no			no			no		TL/AB	no		1k cells	no			no			no			no			no			no			no			no			no			no			no			no			no		2012-07-26_1KCell	
PRJNA288987		SRS979501	RNA-Seq	Danio rerio	no	NCBITaxon:7955		no			no			no		TL/AB	no		Dome	no			no			no			no			no			no			no			no			no			no			no			no			no		2012-07-26_Dome	
PRJNA288987		SRS979500	RNA-Seq	Danio rerio	no	NCBITaxon:7955		no			no			no		TL/AB	no		Shield	no			no			no			no			no			no			no			no			no			no			no			no			no		2012-07-26_Shield	
PRJNA288987		SRS979499	RNA-Seq	Danio rerio	no	NCBITaxon:7955		no			no			no		TL/AB	no		Bud	no			no			no			no			no			no			no			no			no			no			no			no			no		2012-07-26_Bud	
PRJNA288987		SRS979498	RNA-Seq	Danio rerio	no	NCBITaxon:7955		no			no			no		TL/AB	no		28 hours post fertilization	no			no			no			no			no			no			no			no			no			no			no			no			no		2012-07-26_28hpf	
PRJNA288987		SRS979497	RNA-Seq	Danio rerio	no	NCBITaxon:7955		no			no			no		TL/AB	no		5 days post fertilization	no			no			no			no			no			no			no			no			no			no			no			no			no		2012-07-26_5dpf	
PRJNA551383		SRS5030897	OTHER	Danio rerio	no	NCBITaxon:7955		no			no			no		AB strain	no		4 hpf embryo	no		WT	no			no			no			no		injected with sfGFP mRNAs at 1-cell stage	no			no			no			no			no			no			no			no		zebrafish_monosome_rep1	
PRJNA551383		SRS5030899	OTHER	Danio rerio	no	NCBITaxon:7955		no			no			no		AB strain	no		4 hpf embryo	no		WT	no			no			no			no		injected with sfGFP mRNAs at 1-cell stage	no			no			no			no			no			no			no			no		zebrafish_monosome_rep2	
PRJNA551383		SRS5030898	OTHER	Danio rerio	no	NCBITaxon:7955		no			no			no		AB strain	no		4 hpf embryo	no		WT	no			no			no			no		injected with sfGFP mRNAs at 1-cell stage	no			no			no			no			no			no			no			no		zebrafish_disome_rep1	
PRJNA551383		SRS5030900	OTHER	Danio rerio	no	NCBITaxon:7955		no			no			no		AB strain	no		4 hpf embryo	no		WT	no			no			no			no		injected with sfGFP mRNAs at 1-cell stage	no			no			no			no			no			no			no			no		zebrafish_disome_rep2	
PRJNA397065		SRS4174524	OTHER	Danio rerio	no	NCBITaxon:7955	embryo	no	UBERON:0000922		no			no		TU/AB	no		oblong	no			no		3.7	no		pooled male and female	no			no		0.5%_DMS_for_10_min_in_vitro	no			no			no			no			no			no			no			no		DMS-seq - RNA structure positive controls in vitro replicate 1	
PRJNA397065		SRS4174523	OTHER	Danio rerio	no	NCBITaxon:7955	embryo	no	UBERON:0000922		no			no		TU/AB	no		oblong	no			no		3.7	no		pooled male and female	no			no		0.5%_DMS_for_10_min_in_vitro	no			no			no			no			no			no			no			no		DMS-seq - RNA structure positive controls in vitro replicate 2	
PRJNA397065		SRS4174522	OTHER	Danio rerio	no	NCBITaxon:7955	embryo	no	UBERON:0000922		no			no		TU/AB	no		oblong	no			no		3.7	no		pooled male and female	no			no		0.5%_DMS_for_10_min_in_vitro	no			no			no			no			no			no			no			no		Raw multiplex: DMS-seq - RNA structure positive controls in vitro replicate 1;DMS-seq - RNA structure positive controls in vitro replicate 2	
PRJNA397065		SRS3380690	OTHER	Danio rerio	no	NCBITaxon:7955	embryo	no	UBERON:0000922		no			no		TU/AB	no		64c;sphere;shield	no			no		2.0;4.0;6.0	no		pooled male and female	no			no		DMS,in_vivo	no			no			no			no			no			no			no			no		Raw multiplex: DMS-Seq - WT 64c in vivo;DMS-Seq - WT sphere in vivo;DMS-Seq - WT shield in vivo;unrelated	
PRJNA397065		SRS3380685	OTHER	Danio rerio	no	NCBITaxon:7955	embryo	no	UBERON:0000922		no			no		TU/AB	no		64c;shield;sphere	no			no		2.0;6.0;4.0	no		pooled male and female	no			no		DMS,in_vivo	no			no			no			no			no			no			no			no		Raw multiplex: DMS-Seq - WT 64c in vivo;DMS-Seq - WT shield in vivo;DMS-Seq - WT sphere in vivo;unrelated	
PRJNA397065		SRS3380684	OTHER	Danio rerio	no	NCBITaxon:7955	embryo	no	UBERON:0000922		no			no		TU/AB	no		64c	no			no		2	no		pooled male and female	no			no		DMS,0.5%,in_vitro	no			no			no			no			no			no			no			no		Raw multiplex: DMS-Seq - IVT 64c B2;DMS-Seq - IVT 64c B1	
PRJNA397065		SRS3380686	OTHER	Danio rerio	no	NCBITaxon:7955	embryo	no	UBERON:0000922		no			no		TU/AB	no		64c	no			no		2	no		pooled male and female	no			no		DMS,in_vivo,cyclohex	no			no			no			no			no			no			no			no		Raw multiplex: DMS-Seq - WT 64c CHX B1;DMS-Seq - WT 64c CHX B2	
PRJNA397065		SRS3380687	OTHER	Danio rerio	no	NCBITaxon:7955	embryo	no	UBERON:0000922		no			no		TU/AB	no		64c	no			no		2	no		pooled male and female	no			no		DMS	no			no			no			no			no			no			no			no		Raw multiplex: DMS-Seq PatA - WT 64c DMS B1;DMS-Seq PatA - WT 64c DMS B2	
PRJNA397065		SRS3380683	OTHER	Danio rerio	no	NCBITaxon:7955	embryo	no	UBERON:0000922		no			no		TU/AB	no		64c	no			no		2	no		pooled male and female	no			no		DMS,PatA	no			no			no			no			no			no			no			no		Raw multiplex: DMS-Seq PatA - WT 64c PatA DMS B1;DMS-Seq PatA - WT 64c PatA DMS B2	
PRJNA397065		SRS3380689	OTHER	Danio rerio	no	NCBITaxon:7955	embryo	no	UBERON:0000922		no			no		TU/AB	no		64c	no			no		2	no		pooled male and female	no			no		cyclohex	no			no			no			no			no			no			no			no		Raw multiplex: RPF patA - WT 64c RPF B1;RPF patA - WT 64c RPF B2	
PRJNA397065		SRS3380688	OTHER	Danio rerio	no	NCBITaxon:7955	embryo	no	UBERON:0000922		no			no		TU/AB	no		64c	no			no		2	no		pooled male and female	no			no		cyclohex,PatA	no			no			no			no			no			no			no			no		Raw multiplex: RPF patA - WT 64c PatA RPF B1;RPF patA - WT 64c PatA RPF B2	
PRJNA397065		SRS2404532	OTHER	Danio rerio	no	NCBITaxon:7955	embryo	no	UBERON:0000922		no			no		TU/AB	no		64c	no			no		2.0	no		pooled male and female	no			no		water,in_vitro	no			no			no			no			no			no			no			no		DMS-Seq - WT 64c DMScontrol in vitro	
PRJNA397065		SRS2404538	OTHER	Danio rerio	no	NCBITaxon:7955	embryo	no	UBERON:0000922		no			no		TU/AB	no		sphere	no			no		4.0	no		pooled male and female	no			no		DMS,in_vivo	no			no			no			no			no			no			no			no		DMS-Seq - WT sphere in vivo	
PRJNA397065		SRS2404537	OTHER	Danio rerio	no	NCBITaxon:7955	embryo	no	UBERON:0000922		no			no		TU/AB	no		shield	no			no		6.0	no		pooled male and female	no			no		DMS,in_vivo	no			no			no			no			no			no			no			no		DMS-Seq - WT shield in vivo	
PRJNA397065		SRS2404540	OTHER	Danio rerio	no	NCBITaxon:7955	embryo	no	UBERON:0000922		no			no		TU/AB	no		64c	no			no		2.0	no		pooled male and female	no			no		DMS,PatA	no			no			no			no			no			no			no			no		DMS-Seq PatA - WT 64c PatA DMS B2	
PRJNA397065		SRS2404524	OTHER	Danio rerio	no	NCBITaxon:7955	embryo	no	UBERON:0000922		no			no		TU/AB	no		64c	no			no		2.0	no		pooled male and female	no			no			no			no			no			no			no			no			no			no		miniRESA - 2h pA RNA B1	
PRJNA397065		SRS2404526	OTHER	Danio rerio	no	NCBITaxon:7955	embryo	no	UBERON:0000922		no			no		TU/AB	no		64c	no			no		2.0	no		pooled male and female	no			no			no			no			no			no			no			no			no			no		miniRESA - 2h pA RNA B2	
PRJNA397065		SRS2404529	OTHER	Danio rerio	no	NCBITaxon:7955	embryo	no	UBERON:0000922		no			no		TU/AB	no		shield	no			no		6.0	no		pooled male and female	no			no			no			no			no			no			no			no			no			no		miniRESA - 6h pA RNA B1	
PRJNA397065		SRS2404527	OTHER	Danio rerio	no	NCBITaxon:7955	embryo	no	UBERON:0000922		no			no		TU/AB	no		shield	no			no		6.0	no		pooled male and female	no			no			no			no			no			no			no			no			no			no		miniRESA - 6h pA RNA B2	
PRJNA397065		SRS2404523	OTHER	Danio rerio	no	NCBITaxon:7955	embryo	no	UBERON:0000922		no			no		TU/AB	no		shield	no			no		6.0	no		pooled male and female	no			no		alpha-am	no			no			no			no			no			no			no			no		miniRESA - 6h a-Am pA RNA B1	
PRJNA397065		SRS2404525	OTHER	Danio rerio	no	NCBITaxon:7955	embryo	no	UBERON:0000922		no			no		TU/AB	no		shield	no			no		6.0	no		pooled male and female	no			no		alpha-am	no			no			no			no			no			no			no			no		miniRESA - 6h a-Am pA RNA B2	
PRJNA397065		SRS2404539	RNA-Seq	Danio rerio	no	NCBITaxon:7955	embryo	no	UBERON:0000922		no			no		TU/AB	no		64c	no			no		2.0	no		pooled male and female	no			no		PatA	no			no			no			no			no			no			no			no		mRNA-Seq R0 patA - WT 64c PatA RPF-input B1	
PRJNA397065		SRS2404528	RNA-Seq	Danio rerio	no	NCBITaxon:7955	embryo	no	UBERON:0000922		no			no		TU/AB	no		64c	no			no		2.0	no		pooled male and female	no			no		PatA	no			no			no			no			no			no			no			no		mRNA-Seq R0 patA - WT 64c PatA RPF-input B2	
PRJNA397065		SRS2404530	RNA-Seq	Danio rerio	no	NCBITaxon:7955	embryo	no	UBERON:0000922		no			no		TU/AB	no		64c	no			no		2.0	no		pooled male and female	no			no			no			no			no			no			no			no			no			no		mRNA-Seq R0 patA - WT 64c RPF-input B1	
PRJNA397065		SRS2404531	RNA-Seq	Danio rerio	no	NCBITaxon:7955	embryo	no	UBERON:0000922		no			no		TU/AB	no		64c	no			no		2.0	no		pooled male and female	no			no			no			no			no			no			no			no			no			no		mRNA-Seq R0 patA - WT 64c RPF-input B2	
PRJNA397065		SRS2404542	OTHER	Danio rerio	no	NCBITaxon:7955	embryo	no	UBERON:0000922		no			no		TU/AB	no		64c	no			no		2.0	no		pooled male and female	no			no		DMS,in_vivo	no			no			no			no			no			no			no			no		DMS-Seq - WT 64c in vivo	
PRJNA397065		SRS2404544	OTHER	Danio rerio	no	NCBITaxon:7955	embryo	no	UBERON:0000922		no			no		TU/AB	no		64c	no			no		2.0	no		pooled male and female	no			no		DMS,in_vivo	no			no			no			no			no			no			no			no		DMS-Seq - WT 64c in vivo	
PRJNA397065		SRS2404543	OTHER	Danio rerio	no	NCBITaxon:7955	embryo	no	UBERON:0000922		no			no		TU/AB	no		shield	no			no		6.0	no		pooled male and female	no			no		DMS,in_vivo	no			no			no			no			no			no			no			no		DMS-Seq - WT shield in vivo	
PRJNA397065		SRS2404545	OTHER	Danio rerio	no	NCBITaxon:7955	embryo	no	UBERON:0000922		no			no		TU/AB	no		sphere	no			no		4.0	no		pooled male and female	no			no		DMS,in_vivo	no			no			no			no			no			no			no			no		DMS-Seq - WT sphere in vivo	
PRJNA397065		SRS2404546	OTHER	Danio rerio	no	NCBITaxon:7955	embryo	no	UBERON:0000922		no			no		TU/AB	no		64c	no			no		2.0	no		pooled male and female	no			no		DMS,0.5%,in_vitro	no			no			no			no			no			no			no			no		DMS-Seq - IVT 64c B2	
PRJNA397065		SRS2404556	OTHER	Danio rerio	no	NCBITaxon:7955	embryo	no	UBERON:0000922		no			no		TU/AB	no		64c	no			no		2.0	no		pooled male and female	no			no		DMS,0.5%,in_vitro	no			no			no			no			no			no			no			no		DMS-Seq - IVT 64c B1	
PRJNA397065		SRS2404557	OTHER	Danio rerio	no	NCBITaxon:7955	embryo	no	UBERON:0000922		no			no		TU/AB	no		64c	no			no		2.0	no		pooled male and female	no			no		DMS,in_vivo,cyclohex	no			no			no			no			no			no			no			no		DMS-Seq - WT 64c CHX B1	
PRJNA397065		SRS2404560	OTHER	Danio rerio	no	NCBITaxon:7955	embryo	no	UBERON:0000922		no			no		TU/AB	no		64c	no			no		2.0	no		pooled male and female	no			no		DMS,in_vivo,cyclohex	no			no			no			no			no			no			no			no		DMS-Seq - WT 64c CHX B2	
PRJNA397065		SRS2404541	OTHER	Danio rerio	no	NCBITaxon:7955	embryo	no	UBERON:0000922		no			no		TU/AB	no		64c	no			no		2.0	no		pooled male and female	no			no		DMS,PatA	no			no			no			no			no			no			no			no		DMS-Seq PatA - WT 64c PatA DMS B1	
PRJNA397065		SRS2404553	OTHER	Danio rerio	no	NCBITaxon:7955	embryo	no	UBERON:0000922		no			no		TU/AB	no		64c	no			no		2.0	no		pooled male and female	no			no			no			no			no			no			no			no			no			no		miniRESA - 2h pA RNA B3	
PRJNA397065		SRS2404551	OTHER	Danio rerio	no	NCBITaxon:7955	embryo	no	UBERON:0000922		no			no		TU/AB	no		64c	no			no		2.0	no		pooled male and female	no			no			no			no			no			no			no			no			no			no		miniRESA - 2h pA RNA B4	
PRJNA397065		SRS2404554	OTHER	Danio rerio	no	NCBITaxon:7955	embryo	no	UBERON:0000922		no			no		TU/AB	no		64c	no			no		2.0	no		pooled male and female	no			no			no			no			no			no			no			no			no			no		miniRESA - 2h pA RNA B5	
PRJNA397065		SRS2404552	OTHER	Danio rerio	no	NCBITaxon:7955	embryo	no	UBERON:0000922		no			no		TU/AB	no		shield	no			no		6.0	no		pooled male and female	no			no			no			no			no			no			no			no			no			no		miniRESA - 6h pA RNA B3	
PRJNA397065		SRS2404548	OTHER	Danio rerio	no	NCBITaxon:7955	embryo	no	UBERON:0000922		no			no		TU/AB	no		shield	no			no		6.0	no		pooled male and female	no			no			no			no			no			no			no			no			no			no		miniRESA - 6h pA RNA B4	
PRJNA397065		SRS2404547	OTHER	Danio rerio	no	NCBITaxon:7955	embryo	no	UBERON:0000922		no			no		TU/AB	no		shield	no			no		6.0	no		pooled male and female	no			no			no			no			no			no			no			no			no			no		miniRESA - 6h pA RNA B5	
PRJNA397065		SRS2404550	OTHER	Danio rerio	no	NCBITaxon:7955	embryo	no	UBERON:0000922		no			no		TU/AB	no		shield	no			no		6.0	no		pooled male and female	no			no		alpha-am	no			no			no			no			no			no			no			no		miniRESA - 6h a-Am pA RNA B3	
PRJNA397065		SRS2404549	OTHER	Danio rerio	no	NCBITaxon:7955	embryo	no	UBERON:0000922		no			no		TU/AB	no		shield	no			no		6.0	no		pooled male and female	no			no		alpha-am	no			no			no			no			no			no			no			no		miniRESA - 6h a-Am pA RNA B4	
PRJNA397065		SRS2404555	OTHER	Danio rerio	no	NCBITaxon:7955	embryo	no	UBERON:0000922		no			no		TU/AB	no		shield	no			no		6.0	no		pooled male and female	no			no		alpha-am	no			no			no			no			no			no			no			no		miniRESA - 6h a-Am pA RNA B5	
PRJNA397065		SRS2404559	OTHER	Danio rerio	no	NCBITaxon:7955	embryo	no	UBERON:0000922		no			no		TU/AB	no		64c	no			no		2.0	no		pooled male and female	no			no		cyclohex,PatA	no			no			no			no			no			no			no			no		RPF patA - WT 64c PatA RPF B1	
PRJNA397065		SRS2404558	OTHER	Danio rerio	no	NCBITaxon:7955	embryo	no	UBERON:0000922		no			no		TU/AB	no		64c	no			no		2.0	no		pooled male and female	no			no		cyclohex,PatA	no			no			no			no			no			no			no			no		RPF patA - WT 64c PatA RPF B2	
PRJNA397065		SRS2404570	OTHER	Danio rerio	no	NCBITaxon:7955	embryo	no	UBERON:0000922		no			no		TU/AB	no		64c	no			no		2.0	no		pooled male and female	no			no		DMS	no			no			no			no			no			no			no			no		DMS-Seq PatA - WT 64c DMS B1	
PRJNA397065		SRS2404569	OTHER	Danio rerio	no	NCBITaxon:7955	embryo	no	UBERON:0000922		no			no		TU/AB	no		64c	no			no		2.0	no		pooled male and female	no			no		DMS	no			no			no			no			no			no			no			no		DMS-Seq PatA - WT 64c DMS B2	
PRJNA397065		SRS2404568	OTHER	Danio rerio	no	NCBITaxon:7955	embryo	no	UBERON:0000922		no			no		TU/AB	no		64c	no			no		2.0	no		pooled male and female	no			no		cyclohex	no			no			no			no			no			no			no			no		RPF patA - WT 64c RPF B1	
PRJNA397065		SRS2404564	OTHER	Danio rerio	no	NCBITaxon:7955	embryo	no	UBERON:0000922		no			no		TU/AB	no		64c	no			no		2.0	no		pooled male and female	no			no		cyclohex	no			no			no			no			no			no			no			no		RPF patA - WT 64c RPF B2	
PRJNA918384		SRS16351692	RNA-Seq	Danio rerio	no	NCBITaxon:7955	Danio rerio	no	NCBITaxon:7955		no			no			no			no		wild type	no		8 hpf	no			no			no			no			no			no			no			no			no			no			no		Ribo-seq_wt+lowdoseMO_8h_replicate_1	
PRJNA918384		SRS16351693	RNA-Seq	Danio rerio	no	NCBITaxon:7955	Danio rerio	no	NCBITaxon:7955		no			no			no			no		wild type	no		8 hpf	no			no			no			no			no			no			no			no			no			no			no		Ribo-seq_wt+lowdoseMO_8h_replicate_2	
PRJNA918384		SRS16351694	RNA-Seq	Danio rerio	no	NCBITaxon:7955	Danio rerio	no	NCBITaxon:7955		no			no			no			no		cpeb1b mutant	no		8 hpf	no			no			no			no			no			no			no			no			no			no			no		Ribo-seq_cpeb1bmutant+lowdoseMO_8h_replicate_1	
PRJNA918384		SRS16351695	RNA-Seq	Danio rerio	no	NCBITaxon:7955	Danio rerio	no	NCBITaxon:7955		no			no			no			no		cpeb1b mutant	no		8 hpf	no			no			no			no			no			no			no			no			no			no			no		Ribo-seq_cpeb1bmutant+lowdoseMO_8h_replicate_2	
PRJNA918384		SRS16351696	RNA-Seq	Danio rerio	no	NCBITaxon:7955	Danio rerio	no	NCBITaxon:7955		no			no			no			no		wild type	no		16 hpf	no			no			no			no			no			no			no			no			no			no			no		Ribo-seq_wt+lowdoseMO_16h_replicate_1	
PRJNA918384		SRS16351697	RNA-Seq	Danio rerio	no	NCBITaxon:7955	Danio rerio	no	NCBITaxon:7955		no			no			no			no		wild type	no		16 hpf	no			no			no			no			no			no			no			no			no			no			no		Ribo-seq_wt+lowdoseMO_16h_replicate_2	
PRJNA918384		SRS16351698	RNA-Seq	Danio rerio	no	NCBITaxon:7955	Danio rerio	no	NCBITaxon:7955		no			no			no			no		cpeb1b mutant	no		16 hpf	no			no			no			no			no			no			no			no			no			no			no		Ribo-seq_cpeb1bmutant+lowdoseMO_16h_replicate_1	
PRJNA918384		SRS16351699	RNA-Seq	Danio rerio	no	NCBITaxon:7955	Danio rerio	no	NCBITaxon:7955		no			no			no			no		cpeb1b mutant	no		16 hpf	no			no			no			no			no			no			no			no			no			no			no		Ribo-seq_cpeb1bmutant+lowdoseMO_16h_replicate_2	
PRJNA918384		SRS16351700	RNA-Seq	Danio rerio	no	NCBITaxon:7955	Danio rerio	no	NCBITaxon:7955		no			no			no			no		wild type	no		22 hpf	no			no			no			no			no			no			no			no			no			no			no		Ribo-seq_wt+lowdoseMO_22h_replicate_1	
PRJNA918384		SRS16351701	RNA-Seq	Danio rerio	no	NCBITaxon:7955	Danio rerio	no	NCBITaxon:7955		no			no			no			no		wild type	no		22 hpf	no			no			no			no			no			no			no			no			no			no			no		Ribo-seq_wt+lowdoseMO_22h_replicate_2	
PRJNA918384		SRS16351702	RNA-Seq	Danio rerio	no	NCBITaxon:7955	Danio rerio	no	NCBITaxon:7955		no			no			no			no		cpeb1b mutant	no		22 hpf	no			no			no			no			no			no			no			no			no			no			no		Ribo-seq_cpeb1bmutant+lowdoseMO_22h_replicate_1	
PRJNA918384		SRS16351703	RNA-Seq	Danio rerio	no	NCBITaxon:7955	Danio rerio	no	NCBITaxon:7955		no			no			no			no		cpeb1b mutant	no		22 hpf	no			no			no			no			no			no			no			no			no			no			no		Ribo-seq_cpeb1bmutant+lowdoseMO_22h_replicate_2	
PRJNA1238785		SRS24430789	RNA-Seq	Danio rerio	no	NCBITaxon:7955	head	no	UBERON:0000033		no			no			no			no		WT	no			no			no			no			no			no			no			no			no			no			no			no		sibling-RNAsseq	
PRJNA1238785		SRS24430790	RNA-Seq	Danio rerio	no	NCBITaxon:7955	head	no	UBERON:0000033		no			no			no			no		mutant	no			no			no			no			no			no			no			no			no			no			no			no		mutant-RNAsseq	
PRJNA1238785		SRS24430791	OTHER	Danio rerio	no	NCBITaxon:7955	head	no	UBERON:0000033		no			no			no			no		WT	no			no			no			no			no			no			no			no			no			no			no			no		sibling-riboseq	
PRJNA1238785		SRS24430792	OTHER	Danio rerio	no	NCBITaxon:7955	head	no	UBERON:0000033		no			no			no			no		mutant	no			no			no			no			no			no			no			no			no			no			no			no		mutant-riboseq	
PRJNA1224258		SRS24091006	RNA-Seq	Mycobacterium marinum	no	NCBITaxon:1781	Granulomas	no			no			no			no			no		wild type	no			no			no			no			no			no			no			no			no			no			no			no		Granulomas, wild-type, biol rep 1	
PRJNA1224258		SRS24091005	RNA-Seq	Mycobacterium marinum	no	NCBITaxon:1781	Granulomas	no			no			no			no			no		wild type	no			no			no			no			no			no			no			no			no			no			no			no		Granulomas, wild-type, biol rep 2	
PRJNA1224258		SRS24091007	RNA-Seq	Mycobacterium marinum	no	NCBITaxon:1781	Granulomas	no			no			no			no			no		wild type	no			no			no			no			no			no			no			no			no			no			no			no		Granulomas, wild-type, biol rep 3	
PRJNA1224258		SRS24091009	RNA-Seq	Mycobacterium marinum	no	NCBITaxon:1781	Granulomas	no			no			no			no			no		wild type	no			no			no			no			no			no			no			no			no			no			no			no		Granulomas, wild-type, biol rep 4	
PRJNA1224258		SRS24091008	RNA-Seq	Mycobacterium marinum	no	NCBITaxon:1781	Granulomas	no			no			no			no			no		Neutrophil deficient mutant	no			no			no			no			no			no			no			no			no			no			no			no		Granulomas, Rac2D57N, biol rep 1	
PRJNA1224258		SRS24091010	RNA-Seq	Mycobacterium marinum	no	NCBITaxon:1781	Granulomas	no			no			no			no			no		Neutrophil deficient mutant	no			no			no			no			no			no			no			no			no			no			no			no		Granulomas, Rac2D57N, biol rep 2	
PRJNA1224258		SRS24091013	RNA-Seq	Mycobacterium marinum	no	NCBITaxon:1781	Granulomas	no			no			no			no			no		Neutrophil deficient mutant	no			no			no			no			no			no			no			no			no			no			no			no		Granulomas, Rac2D57N, biol rep 3	
PRJNA1224258		SRS24091012	RNA-Seq	Mycobacterium marinum	no	NCBITaxon:1781	Granulomas	no			no			no			no			no		wild type	no			no			no			no			no			no			no			no			no			no			no			no		Granulomas, wild-type, enriched, biol rep 1	
PRJNA1224258		SRS24091011	RNA-Seq	Mycobacterium marinum	no	NCBITaxon:1781	Granulomas	no			no			no			no			no		wild type	no			no			no			no			no			no			no			no			no			no			no			no		Granulomas, wild-type, enriched, biol rep 2	
PRJNA1224258		SRS24091015	RNA-Seq	Mycobacterium marinum	no	NCBITaxon:1781	Granulomas	no			no			no			no			no		wild type	no			no			no			no			no			no			no			no			no			no			no			no		Granulomas, wild-type, enriched, biol rep 3	
PRJNA1224258		SRS24091014	RNA-Seq	Mycobacterium marinum	no	NCBITaxon:1781	Granulomas	no			no			no			no			no		wild type	no			no			no			no			no			no			no			no			no			no			no			no		Granulomas, wild-type, enriched, biol rep 4	
PRJNA1224258		SRS24091016	RNA-Seq	Mycobacterium marinum	no	NCBITaxon:1781	Granulomas	no			no			no			no			no		Neutrophil deficient mutant	no			no			no			no			no			no			no			no			no			no			no			no		Granulomas, Rac2D57N, enriched, biol rep 1	
PRJNA1224258		SRS24091017	RNA-Seq	Mycobacterium marinum	no	NCBITaxon:1781	Granulomas	no			no			no			no			no		Neutrophil deficient mutant	no			no			no			no			no			no			no			no			no			no			no			no		Granulomas, Rac2D57N, enriched, biol rep 2	
PRJNA1224258		SRS24091019	RNA-Seq	Mycobacterium marinum	no	NCBITaxon:1781	Granulomas	no			no			no			no			no		Neutrophil deficient mutant	no			no			no			no			no			no			no			no			no			no			no			no		Granulomas, Rac2D57N, enriched, biol rep 3	
PRJNA1224258		SRS24091018	RNA-Seq	Mycobacterium marinum	no	NCBITaxon:1781	log phase in vitro culture	no			no			no			no			no		wild type bacteria	no			no			no			no			no			no			no			no			no			no			no			no		in vitro culture, M. marinum, biol rep 1	
PRJNA1224258		SRS24091020	RNA-Seq	Mycobacterium marinum	no	NCBITaxon:1781	log phase in vitro culture	no			no			no			no			no		wild type bacteria	no			no			no			no			no			no			no			no			no			no			no			no		in vitro culture, M. marinum, biol rep 2	
PRJNA1224258		SRS24091021	RNA-Seq	Mycobacterium marinum	no	NCBITaxon:1781	log phase in vitro culture	no			no			no			no			no		wild type bacteria	no			no			no			no			no			no			no			no			no			no			no			no		in vitro culture, M. marinum, biol rep 3	
PRJNA1104180		SRS21112309	RNA-Seq	Danio rerio	no	NCBITaxon:7955	whole embryo	no		cell	no	CL:0000000		no			no		50% epi stage	no		wild type	no			no			no			no		uninjected	no			no			no			no			no			no			no			no		Zebrafish, RNAseq, low dose, uninj1	
PRJNA1104180		SRS21112310	RNA-Seq	Danio rerio	no	NCBITaxon:7955	whole embryo	no		cell	no	CL:0000000		no			no		50% epi stage	no		wild type	no			no			no			no		uninjected	no			no			no			no			no			no			no			no		Zebrafish, RNAseq, low dose, uninj2	
PRJNA1104180		SRS21112303	RNA-Seq	Danio rerio	no	NCBITaxon:7955	whole embryo	no		cell	no	CL:0000000		no			no		50% epi stage	no		wild type	no			no			no			no		uninjected	no			no			no			no			no			no			no			no		Zebrafish, RNAseq, low dose, uninj3	
PRJNA1104180		SRS21112304	RNA-Seq	Danio rerio	no	NCBITaxon:7955	whole embryo	no		cell	no	CL:0000000		no			no		50% epi stage	no		wild type	no			no			no			no		dsRNA	no			no			no			no			no			no			no			no		Zebrafish, RNAseq, low dose, dsRNA1	
PRJNA1104180		SRS21112305	RNA-Seq	Danio rerio	no	NCBITaxon:7955	whole embryo	no		cell	no	CL:0000000		no			no		50% epi stage	no		wild type	no			no			no			no		dsRNA	no			no			no			no			no			no			no			no		Zebrafish, RNAseq, low dose, dsRNA2	
PRJNA1104180		SRS21112306	RNA-Seq	Danio rerio	no	NCBITaxon:7955	whole embryo	no		cell	no	CL:0000000		no			no		50% epi stage	no		wild type	no			no			no			no		dsRNA	no			no			no			no			no			no			no			no		Zebrafish, RNAseq, low dose, dsRNA3	
PRJNA1104180		SRS21112307	RNA-Seq	Danio rerio	no	NCBITaxon:7955	whole embryo	no		cell	no	CL:0000000		no			no		50% epi stage	no		wild type	no			no			no			no		uninjected	no			no			no			no			no			no			no			no		Zebrafish, RNAseq, high dose, uninj1	
PRJNA1104180		SRS21112308	RNA-Seq	Danio rerio	no	NCBITaxon:7955	whole embryo	no		cell	no	CL:0000000		no			no		50% epi stage	no		wild type	no			no			no			no		uninjected	no			no			no			no			no			no			no			no		Zebrafish, RNAseq, high dose, uninj2	
PRJNA1104180		SRS21112311	RNA-Seq	Danio rerio	no	NCBITaxon:7955	whole embryo	no		cell	no	CL:0000000		no			no		50% epi stage	no		wild type	no			no			no			no		uninjected	no			no			no			no			no			no			no			no		Zebrafish, RNAseq, high dose, uninj3	
PRJNA1104180		SRS21112312	RNA-Seq	Danio rerio	no	NCBITaxon:7955	whole embryo	no		cell	no	CL:0000000		no			no		50% epi stage	no		wild type	no			no			no			no		dsRNA	no			no			no			no			no			no			no			no		Zebrafish, RNAseq, high dose, dsRNA1	
PRJNA1104180		SRS21112313	RNA-Seq	Danio rerio	no	NCBITaxon:7955	whole embryo	no		cell	no	CL:0000000		no			no		50% epi stage	no		wild type	no			no			no			no		dsRNA	no			no			no			no			no			no			no			no		Zebrafish, RNAseq, high dose, dsRNA2	
PRJNA1104180		SRS21112314	RNA-Seq	Danio rerio	no	NCBITaxon:7955	whole embryo	no		cell	no	CL:0000000		no			no		50% epi stage	no		wild type	no			no			no			no		dsRNA	no			no			no			no			no			no			no			no		Zebrafish, RNAseq, high dose, dsRNA3	
PRJNA1104180		SRS21112315	OTHER	Danio rerio	no	NCBITaxon:7955	whole embryo	no		cell	no	CL:0000000		no			no		50% epi stage	no		wild type	no			no			no			no		uninjected	no			no			no			no			no			no			no			no		Zebrafish, Riboseq, low dose, uninj1	
PRJNA1104180		SRS21112316	OTHER	Danio rerio	no	NCBITaxon:7955	whole embryo	no		cell	no	CL:0000000		no			no		50% epi stage	no		wild type	no			no			no			no		uninjected	no			no			no			no			no			no			no			no		Zebrafish, Riboseq, low dose, uninj2	
PRJNA1104180		SRS21112317	OTHER	Danio rerio	no	NCBITaxon:7955	whole embryo	no		cell	no	CL:0000000		no			no		50% epi stage	no		wild type	no			no			no			no		dsRNA	no			no			no			no			no			no			no			no		Zebrafish, Riboseq, low dose, dsRNA1	
PRJNA1104180		SRS21112318	OTHER	Danio rerio	no	NCBITaxon:7955	whole embryo	no		cell	no	CL:0000000		no			no		50% epi stage	no		wild type	no			no			no			no		dsRNA	no			no			no			no			no			no			no			no		Zebrafish, Riboseq, low dose, dsRNA2	
PRJNA1104180		SRS21112319	OTHER	Danio rerio	no	NCBITaxon:7955	whole embryo	no		cell	no	CL:0000000		no			no		50% epi stage	no		wild type	no			no			no			no		uninjected	no			no			no			no			no			no			no			no		Zebrafish, Riboseq, high dose, uninj1	
PRJNA1104180		SRS21112320	OTHER	Danio rerio	no	NCBITaxon:7955	whole embryo	no		cell	no	CL:0000000		no			no		50% epi stage	no		wild type	no			no			no			no		uninjected	no			no			no			no			no			no			no			no		Zebrafish, Riboseq, high dose, uninj2	
PRJNA1104180		SRS21112321	OTHER	Danio rerio	no	NCBITaxon:7955	whole embryo	no		cell	no	CL:0000000		no			no		50% epi stage	no		wild type	no			no			no			no		dsRNA	no			no			no			no			no			no			no			no		Zebrafish, Riboseq, high dose, dsRNA1	
PRJNA1104180		SRS21112322	OTHER	Danio rerio	no	NCBITaxon:7955	whole embryo	no		cell	no	CL:0000000		no			no		50% epi stage	no		wild type	no			no			no			no		dsRNA	no			no			no			no			no			no			no			no		Zebrafish, Riboseq, high dose, dsRNA2	
PRJNA871254		SRS14724783	RNA-Seq	Danio rerio	no	NCBITaxon:7955	embryo	no	UBERON:0000922		no			no		AB	no			no			no		72 hpf	no			no			no			no			no			no			no			no			no			no			no		wild-type zebrafish embryos RNA-seq 72 hpf	
PRJNA871254		SRS14724784	RNA-Seq	Danio rerio	no	NCBITaxon:7955	embryo	no	UBERON:0000922		no			no		Mycn mutant	no			no			no		72 hpf	no			no			no			no			no			no			no			no			no			no			no		Mycn mutant zebrafish embryos RNA-seq 72 hpf	
PRJNA871254		SRS14724785	OTHER	Danio rerio	no	NCBITaxon:7955	embryo	no	UBERON:0000922		no			no		AB	no			no			no		72 hpf	no			no			no			no			no			no			no			no			no			no			no		wild-type zebrafish embryos Ribo-seq 72 hpf replicate 1	
PRJNA871254		SRS14724786	OTHER	Danio rerio	no	NCBITaxon:7955	embryo	no	UBERON:0000922		no			no		AB	no			no			no		72 hpf	no			no			no			no			no			no			no			no			no			no			no		wild-type zebrafish embryos Ribo-seq 72 hpf replicate 2	
PRJNA871254		SRS14724787	OTHER	Danio rerio	no	NCBITaxon:7955	embryo	no	UBERON:0000922		no			no		Mycn mutant	no			no			no		72 hpf	no			no			no			no			no			no			no			no			no			no			no		Mycn mutant zebrafish embryos Ribo-seq 72 hpf replicate 1	
PRJNA871254		SRS14724788	OTHER	Danio rerio	no	NCBITaxon:7955	embryo	no	UBERON:0000922		no			no		Mycn mutant	no			no			no		72 hpf	no			no			no			no			no			no			no			no			no			no			no		Mycn mutant zebrafish embryos Ribo-seq 72 hpf replicate 2	
PRJNA989134		SRS18104445	OTHER	Danio rerio	no	NCBITaxon:7955	whole embryo	no			no			no			no			no		Wild type AB strain	no			no			no			no		injected with sfGFP mRNAs at 1-cell stage	no			no			no			no			no			no			no			no		Whole embryo, disome footprints, 4 hpf rep1	
PRJNA989134		SRS18104443	OTHER	Danio rerio	no	NCBITaxon:7955	whole embryo	no			no			no			no			no		Wild type AB strain	no			no			no			no		injected with sfGFP mRNAs at 1-cell stage	no			no			no			no			no			no			no			no		Whole embryo, disome footprints, 4 hpf rep2	
PRJNA989134		SRS18104444	OTHER	Danio rerio	no	NCBITaxon:7955	whole embryo	no			no			no			no			no		Wild type AB strain	no			no			no			no		injected with sfGFP mRNAs at 1-cell stage	no			no			no			no			no			no			no			no		Whole embryo, monosome footprints, 4 hpf rep1	
PRJNA989134		SRS18104446	OTHER	Danio rerio	no	NCBITaxon:7955	whole embryo	no			no			no			no			no		Wild type AB strain	no			no			no			no		injected with sfGFP mRNAs at 1-cell stage	no			no			no			no			no			no			no			no		Whole embryo, monosome footprints, 4 hpf rep2	
PRJNA1009807		SRS18719060	RNA-Seq	Danio rerio	no	NCBITaxon:7955	blastula	no	UBERON:0000307		no			no		TLAB strain	no		Sphere (4 hpf)	no		WT	no			no			no			no			no			no			no			no			no			no			no			no		WT sphere (4 hpf) RNA-seq rep1	
PRJNA1009807		SRS18719061	RNA-Seq	Danio rerio	no	NCBITaxon:7955	blastula	no	UBERON:0000307		no			no		TLAB strain	no		Sphere (4 hpf)	no		WT	no			no			no			no			no			no			no			no			no			no			no			no		WT sphere (4 hpf) RNA-seq rep2	
PRJNA1009807		SRS18719064	RNA-Seq	Danio rerio	no	NCBITaxon:7955	gastrula	no	UBERON:0004734		no			no		TLAB strain	no		Bud (10 hpf)	no		WT	no			no			no			no			no			no			no			no			no			no			no			no		WT bud (10 hpf) RNA-seq rep1	
PRJNA1009807		SRS18719063	RNA-Seq	Danio rerio	no	NCBITaxon:7955	gastrula	no	UBERON:0004734		no			no		TLAB strain	no		Bud (10 hpf)	no		WT	no			no			no			no			no			no			no			no			no			no			no			no		WT bud (10 hpf) RNA-seq rep2	
PRJNA726251		SRS8805905	OTHER	Danio rerio	no	NCBITaxon:7955	whole embryo	no			no			no		AB	no			no			no			no			no			no		PACE library injected	no			no			no			no			no			no			no			no		zebrafish_monosome_codontag_rep1	
PRJNA726251		SRS8805906	OTHER	Danio rerio	no	NCBITaxon:7955	whole embryo	no			no			no		AB	no			no			no			no			no			no		PACE library injected	no			no			no			no			no			no			no			no		zebrafish_monosome_codontag_rep2	
PRJNA200706		SRS417387	RNA-Seq	Danio rerio	no	NCBITaxon:7955		no			no			no		TL/AB	no		2-4 cells	no			no			no			no			no			no			no			no			no			no			no			no			no		20120724_RPF-Seq_2-4Cell	
PRJNA200706		SRS417388	RNA-Seq	Danio rerio	no	NCBITaxon:7955		no			no			no		TL/AB	no		256 cells	no			no			no			no			no			no			no			no			no			no			no			no			no		20120724_RPF-Seq_256Cell	
PRJNA200706		SRS417389	RNA-Seq	Danio rerio	no	NCBITaxon:7955		no			no			no		TL/AB	no		1k cells	no			no			no			no			no			no			no			no			no			no			no			no			no		20120724_RPF-Seq_1KCell	
PRJNA200706		SRS417390	RNA-Seq	Danio rerio	no	NCBITaxon:7955		no			no			no		TL/AB	no		Dome	no			no			no			no			no			no			no			no			no			no			no			no			no		20120724_RPF-Seq_Dome	
PRJNA200706		SRS417391	RNA-Seq	Danio rerio	no	NCBITaxon:7955	whole embryos	no			no			no		TLAB	no		Shield	no			no			no		not determined	no			no			no			no			no			no			no			no			no			no		Danio rerio Shield Stage Embryos RNA-Seq	Matched to ribosome profiling experiments in SAMN02087561
PRJNA200706		SRS417392	RNA-Seq	Danio rerio	no	NCBITaxon:7955		no			no			no		TL/AB	no		Bud	no			no			no			no			no			no			no			no			no			no			no			no			no		20120724_RPF-Seq_Bud	
PRJNA200706		SRS417393	RNA-Seq	Danio rerio	no	NCBITaxon:7955		no			no			no		TL/AB	no		28 hours post fertilization	no			no			no			no			no			no			no			no			no			no			no			no			no		20120724_RPF-Seq_28hpf	
PRJNA200706		SRS417394	RNA-Seq	Danio rerio	no	NCBITaxon:7955		no			no			no		TL/AB	no		5 days post fertilization	no			no			no			no			no			no			no			no			no			no			no			no			no		20120724_RPF-Seq_5dpf	
PRJNA230112		SRS508869	RNA-Seq	Homo sapiens	no	NCBITaxon:9606		no			no		HEK293T	no			no			no			no			no			no			no			no			no			no			no			no			no			no			no		Hek293T_RNA	
PRJNA230112		SRS508870	RNA-Seq	Homo sapiens	no	NCBITaxon:9606		no			no		HEK293T	no			no			no			no			no			no			no			no			no			no			no			no			no			no			no		Hek293T_RPF	
PRJNA230112		SRS508871	RNA-Seq	Mus musculus	no	NCBITaxon:10090		no			no		3T3	no			no			no			no			no			no			no			no			no			no			no			no			no			no			no		3T3_RNA	
PRJNA230112		SRS508872	RNA-Seq	Mus musculus	no	NCBITaxon:10090		no			no		3T3	no			no			no			no			no			no			no			no			no			no			no			no			no			no			no		3T3_RPF	
PRJNA230112		SRS508873	RNA-Seq	Danio rerio	no	NCBITaxon:7955		no			no			no		AB	no		2 hours post-fertilization	no			no			no			no			no			no			no			no			no			no			no			no			no		Dre_mock_2hpf_RNA	
PRJNA230112		SRS508874	RNA-Seq	Danio rerio	no	NCBITaxon:7955		no			no			no		AB	no		2 hours post-fertilization	no			no			no			no			no			no			no			no			no			no			no			no			no		Dre_132_2hpf_RNA	
PRJNA230112		SRS508876	RNA-Seq	Danio rerio	no	NCBITaxon:7955		no			no			no		AB	no		2 hours post-fertilization	no			no			no			no			no			no			no			no			no			no			no			no			no		Dre_155_2hpf_RNA	
PRJNA230112		SRS508875	RNA-Seq	Danio rerio	no	NCBITaxon:7955		no			no			no		AB	no		4 hours post-fertilization	no			no			no			no			no			no			no			no			no			no			no			no			no		Dre_mock_4hpf_RNA	
PRJNA230112		SRS508877	RNA-Seq	Danio rerio	no	NCBITaxon:7955		no			no			no		AB	no		4 hours post-fertilization	no			no			no			no			no			no			no			no			no			no			no			no			no		Dre_132_4hpf_RNA	
PRJNA230112		SRS508878	RNA-Seq	Danio rerio	no	NCBITaxon:7955		no			no			no		AB	no		4 hours post-fertilization	no			no			no			no			no			no			no			no			no			no			no			no			no		Dre_155_4hpf_RNA	
PRJNA230112		SRS508879	RNA-Seq	Danio rerio	no	NCBITaxon:7955		no			no			no		AB	no		6 hours post-fertilization	no			no			no			no			no			no			no			no			no			no			no			no			no		Dre_mock_6hpf_RNA	
PRJNA230112		SRS508880	RNA-Seq	Danio rerio	no	NCBITaxon:7955		no			no			no		AB	no		6 hours post-fertilization	no			no			no			no			no			no			no			no			no			no			no			no			no		Dre_132_6hpf_RNA	
PRJNA230112		SRS508881	RNA-Seq	Danio rerio	no	NCBITaxon:7955		no			no			no		AB	no		6 hours post-fertilization	no			no			no			no			no			no			no			no			no			no			no			no			no		Dre_155_6hpf_RNA	
PRJNA230112		SRS508882	RNA-Seq	Danio rerio	no	NCBITaxon:7955		no			no			no		AB	no		2 hours post-fertilization	no			no			no			no			no			no			no			no			no			no			no			no			no		Dre_mock_2hpf_RPF	
PRJNA230112		SRS508884	RNA-Seq	Danio rerio	no	NCBITaxon:7955		no			no			no		AB	no		2 hours post-fertilization	no			no			no			no			no			no			no			no			no			no			no			no			no		Dre_132_2hpf_RPF	
PRJNA230112		SRS508883	RNA-Seq	Danio rerio	no	NCBITaxon:7955		no			no			no		AB	no		2 hours post-fertilization	no			no			no			no			no			no			no			no			no			no			no			no			no		Dre_155_2hpf_RPF	
PRJNA230112		SRS508886	RNA-Seq	Danio rerio	no	NCBITaxon:7955		no			no			no		AB	no		4 hours post-fertilization	no			no			no			no			no			no			no			no			no			no			no			no			no		Dre_mock_4hpf_RPF	
PRJNA230112		SRS508885	RNA-Seq	Danio rerio	no	NCBITaxon:7955		no			no			no		AB	no		4 hours post-fertilization	no			no			no			no			no			no			no			no			no			no			no			no			no		Dre_132_4hpf_RPF	
PRJNA230112		SRS508887	RNA-Seq	Danio rerio	no	NCBITaxon:7955		no			no			no		AB	no		4 hours post-fertilization	no			no			no			no			no			no			no			no			no			no			no			no			no		Dre_155_4hpf_RPF	
PRJNA230112		SRS508888	RNA-Seq	Danio rerio	no	NCBITaxon:7955		no			no			no		AB	no		6 hours post-fertilization	no			no			no			no			no			no			no			no			no			no			no			no			no		Dre_mock_6hpf_RPF	
PRJNA230112		SRS508889	RNA-Seq	Danio rerio	no	NCBITaxon:7955		no			no			no		AB	no		6 hours post-fertilization	no			no			no			no			no			no			no			no			no			no			no			no			no		Dre_132_6hpf_RPF	
PRJNA230112		SRS508890	RNA-Seq	Danio rerio	no	NCBITaxon:7955		no			no			no		AB	no		6 hours post-fertilization	no			no			no			no			no			no			no			no			no			no			no			no			no		Dre_155_6hpf_RPF	
PRJNA230112		SRS508891	RNA-Seq	Xenopus laevis	no	NCBITaxon:8355		no			no			no			no		stage 3-4	no			no			no			no			no			no			no			no			no			no			no			no			no		Xla_st3_4_RNA	
PRJNA230112		SRS508892	RNA-Seq	Xenopus laevis	no	NCBITaxon:8355		no			no			no			no		stage 3-4	no			no			no			no			no			no			no			no			no			no			no			no			no		Xla_st3_4_RPF	
PRJNA230112		SRS508893	RNA-Seq	Xenopus laevis	no	NCBITaxon:8355		no			no			no			no		stage 9	no			no			no			no			no			no			no			no			no			no			no			no			no		Xla_st9_RNA	
PRJNA230112		SRS508894	RNA-Seq	Xenopus laevis	no	NCBITaxon:8355		no			no			no			no		stage 9	no			no			no			no			no			no			no			no			no			no			no			no			no		Xla_st9_RPF	
PRJNA230112		SRS544807	RNA-Seq	Saccharomyces cerevisiae	no	NCBITaxon:4932		no			no			no		BY4741	no			no			no			no			no			no			no			no			no			no			no			no			no			no		Cerevisiae_total_PAL	
PRJNA230112		SRS544808	RNA-Seq	Saccharomyces cerevisiae	no	NCBITaxon:4932		no			no			no		BY4741	no			no			no			no			no			no			no			no			no			no			no			no			no			no		Cerevisiae_PAL	
PRJNA230112		SRS544809	RNA-Seq	Schizosaccharomyces pombe	no	NCBITaxon:4896		no			no			no		972	no			no			no			no			no			no			no			no			no			no			no			no			no			no		Pombe_PAL	
PRJNA230112		SRS544810	RNA-Seq	Arabidopsis thaliana	no	NCBITaxon:3702		no			no			no		Columbia	no			no			no			no			no			no			no			no			no			no			no			no			no			no		Arabidopsis_PAL_only	
PRJNA230112		SRS544812	RNA-Seq	Drosophila melanogaster	no	NCBITaxon:7227		no			no		S2	no			no			no			no			no			no			no			no			no			no			no			no			no			no			no		Drosophila_PAL_only	
PRJNA230112		SRS544811	RNA-Seq	Mus musculus	no	NCBITaxon:10090		no			no			no		C57BL/6	no		6 week	no			no			no		male	no			no			no			no			no			no			no			no			no			no		Liver_PAL	
PRJNA230112		SRS544813	RNA-Seq	Homo sapiens	no	NCBITaxon:9606		no			no		HEK293T	no			no			no			no			no			no			no			no			no			no			no			no			no			no			no		Hek293T_PAL	
PRJNA230112		SRS544814	RNA-Seq	Mus musculus	no	NCBITaxon:10090		no			no		3T3	no			no			no			no			no			no			no			no			no			no			no			no			no			no			no		3T3_PAL	
PRJNA230112		SRS544815	RNA-Seq	Mus musculus	no	NCBITaxon:10090		no			no		3T3	no			no			no			no			no			no			no			no			no			no			no			no			no			no			no		3T3_contact_inhibited_1_PAL_only	
PRJNA230112		SRS544816	RNA-Seq	Mus musculus	no	NCBITaxon:10090		no			no		3T3	no			no			no			no			no			no			no			no			no			no			no			no			no			no			no		3T3_contact_inhibited_2_PAL_only	
PRJNA230112		SRS544817	RNA-Seq	Mus musculus	no	NCBITaxon:10090		no			no		3T3	no			no			no			no			no			no			no			no			no			no			no			no			no			no			no		3T3_polysome_profile_0_ribosomes_PAL_only	
PRJNA230112		SRS544818	RNA-Seq	Mus musculus	no	NCBITaxon:10090		no			no		3T3	no			no			no			no			no			no			no			no			no			no			no			no			no			no			no		3T3_polysome_profile_1_ribosome_PAL_only	
PRJNA230112		SRS544819	RNA-Seq	Mus musculus	no	NCBITaxon:10090		no			no		3T3	no			no			no			no			no			no			no			no			no			no			no			no			no			no			no		3T3_polysome_profile_2_ribosomes_PAL_only	
PRJNA230112		SRS544820	RNA-Seq	Mus musculus	no	NCBITaxon:10090		no			no		3T3	no			no			no			no			no			no			no			no			no			no			no			no			no			no			no		3T3_polysome_profile_3_ribosomes_PAL_only	
PRJNA230112		SRS544821	RNA-Seq	Mus musculus	no	NCBITaxon:10090		no			no		3T3	no			no			no			no			no			no			no			no			no			no			no			no			no			no			no		3T3_polysome_profile_4_ribosomes_PAL_only	
PRJNA230112		SRS544822	RNA-Seq	Mus musculus	no	NCBITaxon:10090		no			no		3T3	no			no			no			no			no			no			no			no			no			no			no			no			no			no			no		3T3_polysome_profile_5.5_ribosomes_PAL_only	
PRJNA230112		SRS544823	RNA-Seq	Mus musculus	no	NCBITaxon:10090		no			no		3T3	no			no			no			no			no			no			no			no			no			no			no			no			no			no			no		3T3_polysome_profile_7.5_ribosomes_PAL_only	
PRJNA230112		SRS544824	RNA-Seq	Mus musculus	no	NCBITaxon:10090		no			no		3T3	no			no			no			no			no			no			no			no			no			no			no			no			no			no			no		3T3_polysome_profile_11_ribosomes_PAL_only	
PRJNA230112		SRS544825	RNA-Seq	Homo sapiens	no	NCBITaxon:9606		no			no		HeLa	no			no			no			no			no			no			no			no			no			no			no			no			no			no			no		HeLa_PAL_only	
PRJNA230112		SRS544826	RNA-Seq	Homo sapiens	no	NCBITaxon:9606		no			no		HeLa	no			no			no			no			no			no			no			no			no			no			no			no			no			no			no		HeLa_total_PAL_only	
PRJNA230112		SRS544827	RNA-Seq	Danio rerio	no	NCBITaxon:7955		no			no			no		AB	no		2 hours post-fertilization	no			no			no			no			no			no			no			no			no			no			no			no			no		Dre_mock_2hpf_PAL	
PRJNA230112		SRS544828	RNA-Seq	Danio rerio	no	NCBITaxon:7955		no			no			no		AB	no		2 hours post-fertilization	no			no			no			no			no			no			no			no			no			no			no			no			no		Dre_132_2hpf_PAL	
PRJNA230112		SRS544829	RNA-Seq	Danio rerio	no	NCBITaxon:7955		no			no			no		AB	no		2 hours post-fertilization	no			no			no			no			no			no			no			no			no			no			no			no			no		Dre_155_2hpf_PAL	
PRJNA230112		SRS544830	RNA-Seq	Danio rerio	no	NCBITaxon:7955		no			no			no		AB	no		4 hours post-fertilization	no			no			no			no			no			no			no			no			no			no			no			no			no		Dre_mock_4hpf_PAL	
PRJNA230112		SRS544831	RNA-Seq	Danio rerio	no	NCBITaxon:7955		no			no			no		AB	no		4 hours post-fertilization	no			no			no			no			no			no			no			no			no			no			no			no			no		Dre_132_4hpf_PAL	
PRJNA230112		SRS544832	RNA-Seq	Danio rerio	no	NCBITaxon:7955		no			no			no		AB	no		4 hours post-fertilization	no			no			no			no			no			no			no			no			no			no			no			no			no		Dre_155_4hpf_PAL	
PRJNA230112		SRS544833	RNA-Seq	Danio rerio	no	NCBITaxon:7955		no			no			no		AB	no		6 hours post-fertilization	no			no			no			no			no			no			no			no			no			no			no			no			no		Dre_mock_6hpf_PAL	
PRJNA230112		SRS544834	RNA-Seq	Danio rerio	no	NCBITaxon:7955		no			no			no		AB	no		6 hours post-fertilization	no			no			no			no			no			no			no			no			no			no			no			no			no		Dre_132_6hpf_PAL	
PRJNA230112		SRS544835	RNA-Seq	Danio rerio	no	NCBITaxon:7955		no			no			no		AB	no		6 hours post-fertilization	no			no			no			no			no			no			no			no			no			no			no			no			no		Dre_155_6hpf_PAL	
PRJNA230112		SRS544836	RNA-Seq	Xenopus laevis	no	NCBITaxon:8355		no			no			no			no		stage 3-4	no			no			no			no			no			no			no			no			no			no			no			no			no		Xla_st3_4_PAL	
PRJNA230112		SRS544837	RNA-Seq	Xenopus laevis	no	NCBITaxon:8355		no			no			no			no		stage 9	no			no			no			no			no			no			no			no			no			no			no			no			no		Xla_st9_PAL	
PRJNA230112		SRS544838	RNA-Seq	Xenopus laevis	no	NCBITaxon:8355		no			no			no			no		stage 12-12.5	no			no			no			no			no			no			no			no			no			no			no			no			no		Xla_st12_12.5_RNA	
PRJNA230112		SRS544839	RNA-Seq	Xenopus laevis	no	NCBITaxon:8355		no			no			no			no		stage 12-12.5	no			no			no			no			no			no			no			no			no			no			no			no			no		Xla_st12_12.5_RPF	
PRJNA230112		SRS544840	RNA-Seq	Xenopus laevis	no	NCBITaxon:8355		no			no			no			no		stage 12-12.5	no			no			no			no			no			no			no			no			no			no			no			no			no		Xla_st12_12.5_PAL	
PRJNA230112		SRS508865	RNA-Seq	Schizosaccharomyces pombe	no	NCBITaxon:4896		no			no			no		972	no			no			no			no			no			no			no			no			no			no			no			no			no			no		Pombe_RNA	
PRJNA230112		SRS508866	RNA-Seq	Schizosaccharomyces pombe	no	NCBITaxon:4896		no			no			no		972	no			no			no			no			no			no			no			no			no			no			no			no			no			no		Pombe_RPF	
PRJNA230112		SRS508868	RNA-Seq	Mus musculus	no	NCBITaxon:10090		no			no			no		C57BL/6	no		6 week	no			no			no		male	no			no			no			no			no			no			no			no			no			no		Liver_RNA	
PRJNA230112		SRS508867	RNA-Seq	Mus musculus	no	NCBITaxon:10090		no			no			no		C57BL/6	no		6 week	no			no			no		male	no			no			no			no			no			no			no			no			no			no		Liver_RPF	
PRJNA1174207		SRS22938427	RNA-Seq	Danio rerio	no	NCBITaxon:7955	whole embryo	no		cell	no	CL:0000000		no			no		24 hpf stage	no		wild type	no			no			no			no			no			no			no			no			no			no			no			no		Zebrafish, RNAseq, lSibling-24HPF-3	
PRJNA1174207		SRS22938432	RNA-Seq	Danio rerio	no	NCBITaxon:7955	whole embryo	no		cell	no	CL:0000000		no			no		24 hpf stage	no		wild type	no			no			no			no			no			no			no			no			no			no			no			no		Zebrafish, RNAseq, lSibling-24HPF-4	
PRJNA1174207		SRS22938426	RNA-Seq	Danio rerio	no	NCBITaxon:7955	whole embryo	no		cell	no	CL:0000000		no			no		24 hpf stage	no		wild type	no			no			no			no			no			no			no			no			no			no			no			no		Zebrafish, RNAseq, lSibling-24HPF-5	
PRJNA1174207		SRS22938430	RNA-Seq	Danio rerio	no	NCBITaxon:7955	whole embryo	no		cell	no	CL:0000000		no			no		4-cell stage	no		wild type	no			no			no			no			no			no			no			no			no			no			no			no		Zebrafish, RNAseq, Sibling-4cell-1	
PRJNA1174207		SRS22938431	RNA-Seq	Danio rerio	no	NCBITaxon:7955	whole embryo	no		cell	no	CL:0000000		no			no		4-cell stage	no		wild type	no			no			no			no			no			no			no			no			no			no			no			no		Zebrafish, RNAseq, Sibling-4cell-2	
PRJNA1174207		SRS22938428	RNA-Seq	Danio rerio	no	NCBITaxon:7955	whole embryo	no		cell	no	CL:0000000		no			no		4-cell stage	no		wild type	no			no			no			no			no			no			no			no			no			no			no			no		Zebrafish, RNAseq, Sibling-4cell-4	
PRJNA1174207		SRS22938433	RNA-Seq	Danio rerio	no	NCBITaxon:7955	whole embryo	no		cell	no	CL:0000000		no			no		sphere stage	no		wild type	no			no			no			no			no			no			no			no			no			no			no			no		Zebrafish, RNAseq, Sibling-sphere-1	
PRJNA1174207		SRS22938429	RNA-Seq	Danio rerio	no	NCBITaxon:7955	whole embryo	no		cell	no	CL:0000000		no			no		sphere stage	no		wild type	no			no			no			no			no			no			no			no			no			no			no			no		Zebrafish, RNAseq, Sibling-sphere-3	
PRJNA1174207		SRS22938436	RNA-Seq	Danio rerio	no	NCBITaxon:7955	whole embryo	no		cell	no	CL:0000000		no			no		sphere stage	no		wild type	no			no			no			no			no			no			no			no			no			no			no			no		Zebrafish, RNAseq, Sibling-sphere-4	
PRJNA1174207		SRS22938434	RNA-Seq	Danio rerio	no	NCBITaxon:7955	whole embryo	no		cell	no	CL:0000000		no			no		24 hpf stage	no		Mrbm24a	no			no			no			no			no			no			no			no			no			no			no			no		Zebrafish, RNAseq, M-24HPF-1	
PRJNA1174207		SRS22938442	RNA-Seq	Danio rerio	no	NCBITaxon:7955	whole embryo	no		cell	no	CL:0000000		no			no		24 hpf stage	no		Mrbm24a	no			no			no			no			no			no			no			no			no			no			no			no		Zebrafish, RNAseq, M-24HPF-2	
PRJNA1174207		SRS22938437	RNA-Seq	Danio rerio	no	NCBITaxon:7955	whole embryo	no		cell	no	CL:0000000		no			no		24 hpf stage	no		Mrbm24a	no			no			no			no			no			no			no			no			no			no			no			no		Zebrafish, RNAseq, M-24HPF-3	
PRJNA1174207		SRS22938435	RNA-Seq	Danio rerio	no	NCBITaxon:7955	whole embryo	no		cell	no	CL:0000000		no			no		24 hpf stage	no		Mrbm24a	no			no			no			no			no			no			no			no			no			no			no			no		Zebrafish, RNAseq, M-24HPF-4	
PRJNA1174207		SRS22938441	RNA-Seq	Danio rerio	no	NCBITaxon:7955	whole embryo	no		cell	no	CL:0000000		no			no		4-cell stage	no		Mrbm24a	no			no			no			no			no			no			no			no			no			no			no			no		Zebrafish, Riboseq, M-4cell-2	
PRJNA1174207		SRS22938438	RNA-Seq	Danio rerio	no	NCBITaxon:7955	whole embryo	no		cell	no	CL:0000000		no			no		4-cell stage	no		Mrbm24a	no			no			no			no			no			no			no			no			no			no			no			no		Zebrafish, Riboseq, M-4cell-3	
PRJNA1174207		SRS22938443	RNA-Seq	Danio rerio	no	NCBITaxon:7955	whole embryo	no		cell	no	CL:0000000		no			no		4-cell stage	no		Mrbm24a	no			no			no			no			no			no			no			no			no			no			no			no		Zebrafish, Riboseq, M-4cell-4	
PRJNA1174207		SRS22938440	RNA-Seq	Danio rerio	no	NCBITaxon:7955	whole embryo	no		cell	no	CL:0000000		no			no		4-cell stage	no		Mrbm24a	no			no			no			no			no			no			no			no			no			no			no			no		Zebrafish, Riboseq, M-4cell-5	
PRJNA1174207		SRS22938439	RNA-Seq	Danio rerio	no	NCBITaxon:7955	whole embryo	no		cell	no	CL:0000000		no			no		sphere stage	no		Mrbm24a	no			no			no			no			no			no			no			no			no			no			no			no		Zebrafish, Riboseq, M-sphere-1	
PRJNA1174207		SRS22938445	RNA-Seq	Danio rerio	no	NCBITaxon:7955	whole embryo	no		cell	no	CL:0000000		no			no		sphere stage	no		Mrbm24a	no			no			no			no			no			no			no			no			no			no			no			no		Zebrafish, Riboseq, M-sphere-2	
PRJNA1174207		SRS22938444	RNA-Seq	Danio rerio	no	NCBITaxon:7955	whole embryo	no		cell	no	CL:0000000		no			no		sphere stage	no		Mrbm24a	no			no			no			no			no			no			no			no			no			no			no			no		Zebrafish, Riboseq, M-sphere-4	
PRJNA1174207		SRS22938447	RNA-Seq	Danio rerio	no	NCBITaxon:7955	whole embryo	no		cell	no	CL:0000000		no			no		sphere stage	no		Mrbm24a	no			no			no			no			no			no			no			no			no			no			no			no		Zebrafish, Riboseq, M-sphere-5	
PRJNA1321709		SRS26440073	OTHER	Danio rerio	no	NCBITaxon:7955	brain	no	UBERON:0000955	brain	no	UBERON:0000955	primary cells	no			no			no		nop2 sibling	no			no			no			no			no			no			no			no			no			no			no			no		nop2 sibling zebrafish (48 dpf) brain tissues for ribo-seq	
PRJNA1321709		SRS26440075	OTHER	Danio rerio	no	NCBITaxon:7955	brain	no	UBERON:0000955	brain	no	UBERON:0000955	primary cells	no			no			no		nop2 mutant	no			no			no			no			no			no			no			no			no			no			no			no		nop2 mutant zebrafish (48 dpf) brain tissues for ribo-seq	
PRJNA1321709		SRS26440074	Bisulfite-Seq	Danio rerio	no	NCBITaxon:7955	brain	no	UBERON:0000955	brain	no	UBERON:0000955	primary cells	no			no			no		nop2 sibling	no			no			no			no			no			no			no			no			no			no			no			no		nop2 sibling zebrafish (48 dpf) brain tissues for bs-seq	
PRJNA1321709		SRS26440076	Bisulfite-Seq	Danio rerio	no	NCBITaxon:7955	brain	no	UBERON:0000955	brain	no	UBERON:0000955	primary cells	no			no			no		nop2 mutant	no			no			no			no			no			no			no			no			no			no			no			no		nop2 mutant zebrafish (48 dpf) brain tissues for bs-seq	
PRJNA715464		SRS8490233	RNA-Seq	Danio rerio	no	NCBITaxon:7955	Danio rerio	no	NCBITaxon:7955		no			no			no			no		wild type	no		4 hpf	no			no			no			no			no			no			no			no			no			no			no		ribosomes 4h WT rep1	
PRJNA715464		SRS8490234	RNA-Seq	Danio rerio	no	NCBITaxon:7955	Danio rerio	no	NCBITaxon:7955		no			no			no			no		wild type	no		4 hpf	no			no			no			no			no			no			no			no			no			no			no		ribosomes 4h WT rep2	
PRJNA715464		SRS8490235	RNA-Seq	Danio rerio	no	NCBITaxon:7955	Danio rerio	no	NCBITaxon:7955		no			no			no			no		Ddx3xb-/Ddx3xb-	no		4 hpf	no			no			no			no			no			no			no			no			no			no			no		ribosomes 4h KO rep1	
PRJNA715464		SRS8490236	RNA-Seq	Danio rerio	no	NCBITaxon:7955	Danio rerio	no	NCBITaxon:7955		no			no			no			no		Ddx3xb-/Ddx3xb-	no		4 hpf	no			no			no			no			no			no			no			no			no			no			no		ribosomes 4h KO rep2	
PRJNA715464		SRS9685363	RNA-Seq	Danio rerio	no	NCBITaxon:7955	Danio rerio	no	NCBITaxon:7955		no			no			no			no		Ddx3xb-/Ddx3xb-	no		4 hpf	no			no			no			no			no			no			no			no			no			no			no		Ddx3xb mutant+ddx3xbFL 4h ribo-seq rep1 [ribosomes_4h_KO_ddx3xbFL1]	
PRJNA715464		SRS9685364	RNA-Seq	Danio rerio	no	NCBITaxon:7955	Danio rerio	no	NCBITaxon:7955		no			no			no			no		Ddx3xb-/Ddx3xb-	no		4 hpf	no			no			no			no			no			no			no			no			no			no			no		Ddx3xb mutant+ddx3xbFL 4h ribo-seq rep2 [ribosomes_4h_KO_ddx3xbFL2]	
PRJNA715464		SRS9685365	RNA-Seq	Danio rerio	no	NCBITaxon:7955	Danio rerio	no	NCBITaxon:7955		no			no			no			no		Ddx3xb-/Ddx3xb-	no		4 hpf	no			no			no			no			no			no			no			no			no			no			no		Ddx3xb mutant+ddx3xb△N 4h ribo-seq rep1 [ribosomes_4h_KO_ddx3xb△N1]	
PRJNA715464		SRS9685366	RNA-Seq	Danio rerio	no	NCBITaxon:7955	Danio rerio	no	NCBITaxon:7955		no			no			no			no		Ddx3xb-/Ddx3xb-	no		4 hpf	no			no			no			no			no			no			no			no			no			no			no		Ddx3xb mutant+ddx3xb△N 4h ribo-seq rep2 [ribosomes_4h_KO_ddx3xb△N2]	
PRJNA521558		SRS4345546	OTHER	Danio rerio	no	NCBITaxon:7955	embryo	no	UBERON:0000922		no			no		TU/AB	no		1k-cell	no			no		3.0	no		pooled male and female	no			no		p300,brd4	no			no			no			no			no			no			no			no		ClickIT pulldown RNA-seq - ClickIT pulldown WT with p300, BRD4 treatment at 1Kc momA rep1	
PRJNA521558		SRS4345543	OTHER	Danio rerio	no	NCBITaxon:7955	embryo	no	UBERON:0000922		no			no		TU/AB	no		1k-cell	no			no		3.0	no		pooled male and female	no			no		p300,brd4	no			no			no			no			no			no			no			no		ClickIT pulldown RNA-seq - ClickIT pulldown WT with p300, BRD4 treatment at 1Kc momA rep2	
PRJNA521558		SRS4345566	OTHER	Danio rerio	no	NCBITaxon:7955	embryo	no	UBERON:0000922		no			no		TU/AB	no		1k-cell	no			no		3.0	no		pooled male and female	no			no		triptolide	no			no			no			no			no			no			no			no		ClickIT pulldown RNA-seq - ClickIT pulldown WT with Triptolide treatment at 1Kc rep1	
PRJNA521558		SRS4345567	OTHER	Danio rerio	no	NCBITaxon:7955	embryo	no	UBERON:0000922		no			no		TU/AB	no		1k-cell	no			no		3.0	no		pooled male and female	no			no		triptolide	no			no			no			no			no			no			no			no		ClickIT pulldown RNA-seq - ClickIT pulldown WT with Triptolide treatment at 1Kc rep2	
PRJNA521558		SRS4345542	OTHER	Danio rerio	no	NCBITaxon:7955	embryo	no	UBERON:0000922		no			no		TU/AB	no		16-cell	no			no		4.0	no		pooled male and female	no			no		chk1	no			no			no			no			no			no			no			no		ClickIT pulldown RNA-seq - ClickIT pulldown WT with chk1 treatment at 4h	
PRJNA521558		SRS4345539	OTHER	Danio rerio	no	NCBITaxon:7955	embryo	no	UBERON:0000922		no			no		TU/AB	no		16-cell	no			no		4.0	no		pooled male and female	no			no		chk1,triptolide	no			no			no			no			no			no			no			no		ClickIT pulldown RNA-seq - ClickIT pulldown WT with chk1 and triptolide treatment at 4h	
PRJNA521558		SRS4345560	OTHER	Danio rerio	no	NCBITaxon:7955	embryo	no	UBERON:0000922		no			no		TU/AB	no		sphere	no			no		4.0	no		pooled male and female	no			no		jq1	no			no			no			no			no			no			no			no		ClickIT pulldown RNA-seq - ClickIT pulldown WT with jq1 treatment at 4h	
PRJNA521558		SRS4345541	OTHER	Danio rerio	no	NCBITaxon:7955	embryo	no	UBERON:0000922		no			no		TU/AB	no		sphere	no			no		4.0	no		pooled male and female	no			no		sgc	no			no			no			no			no			no			no			no		ClickIT pulldown RNA-seq - ClickIT pulldown WT with sgc treatment at 4h	
PRJNA521558		SRS4345559	OTHER	Danio rerio	no	NCBITaxon:7955	embryo	no	UBERON:0000922		no			no		TU/AB	no		sphere	no			no		4.0	no		pooled male and female	no			no		triptolide	no			no			no			no			no			no			no			no		ClickIT pulldown RNA-seq - ClickIT pulldown WT with triptolide treatment at 4h	
PRJNA521558		SRS4345565	OTHER	Danio rerio	no	NCBITaxon:7955	embryo	no	UBERON:0000922		no			no		TU/AB	no		1k-cell	no			no		3.0	no		pooled male and female	no			no			no			no			no			no			no			no			no			no		ClickIT pulldown RNA-seq - ClickIT pulldown WT at 1Kc rep2	
PRJNA521558		SRS4345540	OTHER	Danio rerio	no	NCBITaxon:7955	embryo	no	UBERON:0000922		no			no		TU/AB	no		1k-cell	no			no		3.0	no		pooled male and female	no			no			no			no			no			no			no			no			no			no		ClickIT pulldown RNA-seq - ClickIT pulldown WT at 1Kc mom A rep1	
PRJNA521558		SRS4345545	OTHER	Danio rerio	no	NCBITaxon:7955	embryo	no	UBERON:0000922		no			no		TU/AB	no		1k-cell	no			no		3.0	no		pooled male and female	no			no			no			no			no			no			no			no			no			no		ClickIT pulldown RNA-seq - ClickIT pulldown WT at 1Kc mom A rep2	
PRJNA521558		SRS4345568	OTHER	Danio rerio	no	NCBITaxon:7955	embryo	no	UBERON:0000922		no			no		TU/AB	no		sphere	no			no		4.0	no		pooled male and female	no			no			no			no			no			no			no			no			no			no		ClickIT pulldown RNA-seq - ClickIT pulldown WT at 4h	
PRJNA521558		SRS4345553	OTHER	Danio rerio	no	NCBITaxon:7955	embryo	no	UBERON:0000922		no			no		TU/AB	no		sphere	no			no		4.0	no		pooled male and female	no			no		CHX,patA	no			no			no			no			no			no			no			no		ClickIT pulldown RNA-seq - ClickIT pulldown WT with patA and CHX treatment at 32c collected at 4h momD	
PRJNA521558		SRS4345548	OTHER	Danio rerio	no	NCBITaxon:7955	embryo	no	UBERON:0000922		no			no		TU/AB	no		sphere	no			no		4.0	no		pooled male and female	no			no		CHX,PatA	no			no			no			no			no			no			no			no		ClickIT pulldown RNA-seq - ClickIT pulldown WT with patA and CHX treatment at 8c collected at 4h momC rep1	
PRJNA521558		SRS4345558	OTHER	Danio rerio	no	NCBITaxon:7955	embryo	no	UBERON:0000922		no			no		TU/AB	no		sphere	no			no		4.0	no		pooled male and female	no			no		CHX,PatA	no			no			no			no			no			no			no			no		ClickIT pulldown RNA-seq - ClickIT pulldown WT with patA and CHX treatment at 8c collected at 4h momC rep2	
PRJNA521558		SRS4345551	OTHER	Danio rerio	no	NCBITaxon:7955	embryo	no	UBERON:0000922		no			no		TU/AB	no		sphere	no			no		4.0	no		pooled male and female	no			no		CHX,patA,alpha-am	no			no			no			no			no			no			no			no		ClickIT pulldown RNA-seq - ClickIT pulldown WT with patA and CHX treatment at 32c with aAm collected at 4h momD	
PRJNA521558		SRS4345555	OTHER	Danio rerio	no	NCBITaxon:7955	embryo	no	UBERON:0000922		no			no		TU/AB	no		sphere	no			no		4.0	no		pooled male and female	no			no		CHX,patA,alpha-am	no			no			no			no			no			no			no			no		ClickIT pulldown RNA-seq - ClickIT pulldown WT with patA and CHX treatment at 8c with aAm collected at 4h momC rep1	
PRJNA521558		SRS4345554	OTHER	Danio rerio	no	NCBITaxon:7955	embryo	no	UBERON:0000922		no			no		TU/AB	no		sphere	no			no		4.0	no		pooled male and female	no			no		CHX,patA,alpha-am	no			no			no			no			no			no			no			no		ClickIT pulldown RNA-seq - ClickIT pulldown WT with patA and CHX treatment at 8c with aAm collected at 4h momC rep2	
PRJNA521558		SRS4345552	OTHER	Danio rerio	no	NCBITaxon:7955	embryo	no	UBERON:0000922		no			no		TU/AB	no		sphere	no			no		4.0	no		pooled male and female	no			no		CHX,patA,p300,brd4	no			no			no			no			no			no			no			no		ClickIT pulldown RNA-seq - ClickIT pulldown WT with patA and CHX treatment at 32c with p300 and brd4 collected at 4h momD	
PRJNA521558		SRS4345557	OTHER	Danio rerio	no	NCBITaxon:7955	embryo	no	UBERON:0000922		no			no		TU/AB	no		sphere	no			no		4.0	no		pooled male and female	no			no		CHX,PatA,p300,brd4	no			no			no			no			no			no			no			no		ClickIT pulldown RNA-seq - ClickIT pulldown WT with patA and CHX treatment at 8c with p300 and brd4 collected at 4h momC rep1	
PRJNA521558		SRS4345556	OTHER	Danio rerio	no	NCBITaxon:7955	embryo	no	UBERON:0000922		no			no		TU/AB	no		sphere	no			no		4.0	no		pooled male and female	no			no		CHX,PatA,p300,brd4	no			no			no			no			no			no			no			no		ClickIT pulldown RNA-seq - ClickIT pulldown WT with patA and CHX treatment at 8c with p300 and brd4 collected at 4h momC rep2	
PRJNA521558		SRS4345544	OTHER	Danio rerio	no	NCBITaxon:7955	embryo	no	UBERON:0000922		no			no		TU/AB	no		1k-cell	no			no		3.0	no		pooled male and female	no			no		alpha-am	no			no			no			no			no			no			no			no		ClickIT pulldown RNA-seq - ClickIT pulldown WT with aAm treatment at 1Kc momA rep1	
PRJNA521558		SRS4345547	OTHER	Danio rerio	no	NCBITaxon:7955	embryo	no	UBERON:0000922		no			no		TU/AB	no		1k-cell	no			no		3.0	no		pooled male and female	no			no		alpha-am	no			no			no			no			no			no			no			no		ClickIT pulldown RNA-seq - ClickIT pulldown WT with aAm treatment at 1Kc momA rep2	
PRJNA521558		SRS4345537	OTHER	Danio rerio	no	NCBITaxon:7955	embryo	no	UBERON:0000922		no			no		TU/AB	no		1k-cell	no			no		3.0	no		pooled male and female	no			no			no			no			no			no			no			no			no			no		ClickIT pulldown RNA-seq chk1 haploid - 1N 1Kc CiT	
PRJNA521558		SRS4345550	OTHER	Danio rerio	no	NCBITaxon:7955	embryo	no	UBERON:0000922		no			no		TU/AB	no		512-cell	no			no		2.75	no		pooled male and female	no			no			no			no			no			no			no			no			no			no		ClickIT pulldown RNA-seq chk1 haploid - 1N 512c CiT	
PRJNA521558		SRS4345549	OTHER	Danio rerio	no	NCBITaxon:7955	embryo	no	UBERON:0000922		no			no		TU/AB	no		512-cell	no			no		2.75	no		pooled male and female	no			no		alpha-am	no			no			no			no			no			no			no			no		ClickIT pulldown RNA-seq chk1 haploid - 1N a-Am 512c CiT	
PRJNA521558		SRS4345538	OTHER	Danio rerio	no	NCBITaxon:7955	embryo	no	UBERON:0000922		no			no		TU/AB	no		1k-cell	no			no		3.0	no		pooled male and female	no			no			no			no			no			no			no			no			no			no		ClickIT pulldown RNA-seq chk1 haploid - 2N 1Kc CiT	
PRJNA521558		SRS4345535	OTHER	Danio rerio	no	NCBITaxon:7955	embryo	no	UBERON:0000922		no			no		TU/AB	no		512-cell	no			no		2.75	no		pooled male and female	no			no			no			no			no			no			no			no			no			no		ClickIT pulldown RNA-seq chk1 haploid - 2N 512c CiT	
PRJNA521558		SRS4345536	OTHER	Danio rerio	no	NCBITaxon:7955	embryo	no	UBERON:0000922		no			no		TU/AB	no		512-cell	no			no		2.75	no		pooled male and female	no			no		alpha-am	no			no			no			no			no			no			no			no		ClickIT pulldown RNA-seq chk1 haploid - 2N a-Am 512c CiT	
PRJNA521558		SRS4345561	OTHER	Danio rerio	no	NCBITaxon:7955	embryo	no	UBERON:0000922		no			no		TU/AB	no		1-cell	no			no		0.0	no		pooled male and female	no			no		cyclohex	no			no			no			no			no			no			no			no		RPF - WT 0h Cycloheximide Ribo- RPF	
PRJNA521558		SRS4345563	RNA-Seq	Danio rerio	no	NCBITaxon:7955	embryo	no	UBERON:0000922		no			no		TU/AB	no			no			no		4.0	no		pooled male and female	no			no		triptolide	no			no			no			no			no			no			no			no		mRNA-seq - 4h trip R0	
PRJNA521558		SRS4345564	RNA-Seq	Danio rerio	no	NCBITaxon:7955	embryo	no	UBERON:0000922		no			no		TU/AB	no		64-cell	no			no		2.0	no		pooled male and female	no			no			no			no			no			no			no			no			no			no		mRNA-seq - WT 2h R0	
PRJNA521558		SRS4345562	RNA-Seq	Danio rerio	no	NCBITaxon:7955	embryo	no	UBERON:0000922		no			no		TU/AB	no		sphere	no			no		4.0	no		pooled male and female	no			no			no			no			no			no			no			no			no			no		mRNA-seq - WT 4h R0	
PRJNA1009808		SRS18719089	ncRNA-Seq	Danio rerio	no	NCBITaxon:7955	shelled egg	no	UBERON:0007379		no			no		TLAB strain	no		unfertilized egg (0 hpf)	no		WT	no			no			no			no			no			no			no			no			no			no			no			no		WT egg (0 hpf) tRNA-seq rep1	
PRJNA1009808		SRS18719090	ncRNA-Seq	Danio rerio	no	NCBITaxon:7955	shelled egg	no	UBERON:0007379		no			no		TLAB strain	no		unfertilized egg (0 hpf)	no		WT	no			no			no			no			no			no			no			no			no			no			no			no		WT egg (0 hpf) tRNA-seq rep2	
PRJNA1009808		SRS18719088	ncRNA-Seq	Danio rerio	no	NCBITaxon:7955	blastula	no	UBERON:0000307		no			no		TLAB strain	no		256-cell (2.5 hpf)	no		WT	no			no			no			no			no			no			no			no			no			no			no			no		WT 256-cell (2.5 hpf) tRNA-seq rep1	
PRJNA1009808		SRS18719091	ncRNA-Seq	Danio rerio	no	NCBITaxon:7955	blastula	no	UBERON:0000307		no			no		TLAB strain	no		256-cell (2.5 hpf)	no		WT	no			no			no			no			no			no			no			no			no			no			no			no		WT 256-cell (2.5 hpf) tRNA-seq rep2	
PRJNA1009808		SRS18719095	ncRNA-Seq	Danio rerio	no	NCBITaxon:7955	blastula	no	UBERON:0000307		no			no		TLAB strain	no		1000-cell (3 hpf)	no		WT	no			no			no			no			no			no			no			no			no			no			no			no		WT 1000-cell (3 hpf) tRNA-seq rep1	
PRJNA1009808		SRS18719097	ncRNA-Seq	Danio rerio	no	NCBITaxon:7955	blastula	no	UBERON:0000307		no			no		TLAB strain	no		1000-cell (3 hpf)	no		WT	no			no			no			no			no			no			no			no			no			no			no			no		WT 1000-cell (3 hpf) tRNA-seq rep2	
PRJNA1009808		SRS18719096	ncRNA-Seq	Danio rerio	no	NCBITaxon:7955	blastula	no	UBERON:0000307		no			no		TLAB strain	no		Sphere (4 hpf)	no		WT	no			no			no			no			no			no			no			no			no			no			no			no		WT sphere (4 hpf) tRNA-seq rep1	
PRJNA1009808		SRS18719094	ncRNA-Seq	Danio rerio	no	NCBITaxon:7955	blastula	no	UBERON:0000307		no			no		TLAB strain	no		Sphere (4 hpf)	no		WT	no			no			no			no			no			no			no			no			no			no			no			no		WT sphere (4 hpf) tRNA-seq rep2	
PRJNA1009808		SRS18719100	ncRNA-Seq	Danio rerio	no	NCBITaxon:7955	gastrula	no	UBERON:0004734		no			no		TLAB strain	no		Shield (6 hpf)	no		WT	no			no			no			no			no			no			no			no			no			no			no			no		WT shield (6 hpf) tRNA-seq rep1	
PRJNA1009808		SRS18719098	ncRNA-Seq	Danio rerio	no	NCBITaxon:7955	gastrula	no	UBERON:0004734		no			no		TLAB strain	no		Shield (6 hpf)	no		WT	no			no			no			no			no			no			no			no			no			no			no			no		WT shield (6 hpf) tRNA-seq rep2	
PRJNA1009808		SRS18719092	ncRNA-Seq	Danio rerio	no	NCBITaxon:7955	gastrula	no	UBERON:0004734		no			no		TLAB strain	no		Bud (10 hpf)	no		WT	no			no			no			no			no			no			no			no			no			no			no			no		WT bud (10 hpf) tRNA-seq rep1	
PRJNA1009808		SRS18719093	ncRNA-Seq	Danio rerio	no	NCBITaxon:7955	gastrula	no	UBERON:0004734		no			no		TLAB strain	no		Bud (10 hpf)	no		WT	no			no			no			no			no			no			no			no			no			no			no			no		WT bud (10 hpf) tRNA-seq rep2	
PRJNA1009808		SRS22272469	ncRNA-Seq	Danio rerio	no	NCBITaxon:7955		no		4 hpf embryos	no			no			no			no			no			no			no			no			no			no			no			no			no			no			no			no		WT sphere (4 hpf) charged tRNA-seqrep 1	
PRJNA1009808		SRS22272470	ncRNA-Seq	Danio rerio	no	NCBITaxon:7955		no		4 hpf embryos	no			no			no			no			no			no			no			no			no			no			no			no			no			no			no			no		WT sphere (4 hpf) charged tRNA-seqrep 2	
PRJNA1009808		SRS22272471	ncRNA-Seq	Danio rerio	no	NCBITaxon:7955		no		4 hpf embryos	no			no			no			no			no			no			no			no			no			no			no			no			no			no			no			no		WT sphere (4 hpf) charged tRNA-seqrep 3	
PRJNA1009808		SRS22272472	ncRNA-Seq	Danio rerio	no	NCBITaxon:7955		no		10 hpf embryos	no			no			no			no			no			no			no			no			no			no			no			no			no			no			no			no		WT bud (10 hpf) charged tRNA-seqrep 1	
PRJNA1009808		SRS22272473	ncRNA-Seq	Danio rerio	no	NCBITaxon:7955		no		10 hpf embryos	no			no			no			no			no			no			no			no			no			no			no			no			no			no			no			no		WT bud (10 hpf) charged tRNA-seqrep 2	
PRJNA1009808		SRS22272474	ncRNA-Seq	Danio rerio	no	NCBITaxon:7955		no		10 hpf embryos	no			no			no			no			no			no			no			no			no			no			no			no			no			no			no			no		WT bud (10 hpf) charged tRNA-seqrep 3	
PRJNA305418		SRS1197399	RNA-Seq	Danio rerio	no	NCBITaxon:7955	embryo	no	UBERON:0000922		no			no		TUAB	no			no		wt	no		2hpf	no		pooled male and female	no			no			no			no			no			no			no			no			no			no		2hpf	
PRJNA305418		SRS1197479	RNA-Seq	Danio rerio	no	NCBITaxon:7955	embryo	no	UBERON:0000922		no			no		TUAB	no			no		wt	no		12hpf	no		pooled male and female	no			no			no			no			no			no			no			no			no			no		12hpf	
PRJNA305418		SRS1197480	RNA-Seq	Danio rerio	no	NCBITaxon:7955	embryo	no	UBERON:0000922		no			no		TUAB	no			no		wt	no		5hpf	no		pooled male and female	no			no			no			no			no			no			no			no			no			no		5hpf	
PRJNA305418		SRS1197482	RNA-Seq	Danio rerio	no	NCBITaxon:7955	embryo	no	UBERON:0000922		no			no		TUAB	no			no		wt	no		24hpf	no		pooled male and female	no			no			no			no			no			no			no			no			no			no		24hpf	
PRJNA305418		SRS1197481	RNA-Seq	Danio rerio	no	NCBITaxon:7955	embryo	no	UBERON:0000922		no			no		TUAB	no			no		wt	no		48hpf	no		pooled male and female	no			no			no			no			no			no			no			no			no			no		48hpf	
PRJNA150397		SRS284284	RNA-Seq	Danio rerio	no	NCBITaxon:7955	whole embryo	no			no			no			no		2hpf	no		MZdicer mutant	no			no			no			no			no			no			no			no			no			no			no			no		Input mRNA-Seq MZdicer 2hpf	
PRJNA150397		SRS284285	RNA-Seq	Danio rerio	no	NCBITaxon:7955	whole embryo	no			no			no			no		4hpf	no		MZdicer mutant	no			no			no			no			no			no			no			no			no			no			no			no		Input mRNA-Seq MZdicer 4hpf	
PRJNA150397		SRS284286	RNA-Seq	Danio rerio	no	NCBITaxon:7955	whole embryo	no			no			no			no		4hpf	no		MZdicer mutant	no			no			no			no			no			no			no			no			no			no			no			no		Input mRNA-Seq MZdicer 4hpf-2	
PRJNA150397		SRS284287	RNA-Seq	Danio rerio	no	NCBITaxon:7955	whole embryo	no			no			no			no		6hpf	no		MZdicer mutant	no			no			no			no			no			no			no			no			no			no			no			no		Input mRNA-Seq MZdicer 6hpf	
PRJNA150397		SRS284288	RNA-Seq	Danio rerio	no	NCBITaxon:7955	whole embryo	no			no			no			no		2hpf	no		wild type	no			no			no			no			no			no			no			no			no			no			no			no		Input mRNA-Seq Wild type 2hpf	
PRJNA150397		SRS284289	RNA-Seq	Danio rerio	no	NCBITaxon:7955	whole embryo	no			no			no			no		2hpf	no		wild type	no			no			no			no			no			no			no			no			no			no			no			no		Input mRNA-Seq Wild type 2hpf-2	
PRJNA150397		SRS284290	RNA-Seq	Danio rerio	no	NCBITaxon:7955	whole embryo	no			no			no			no		4hpf	no		wild type	no			no			no			no			no			no			no			no			no			no			no			no		Input mRNA-Seq Wild type 4hpf	
PRJNA150397		SRS284291	RNA-Seq	Danio rerio	no	NCBITaxon:7955	whole embryo	no			no			no			no		4hpf	no		wild type	no			no			no			no			no			no			no			no			no			no			no			no		Input mRNA-Seq Wild type 4hpf-2	
PRJNA150397		SRS284292	RNA-Seq	Danio rerio	no	NCBITaxon:7955	whole embryo	no			no			no			no		6hpf	no		wild type	no			no			no			no			no			no			no			no			no			no			no			no		Input mRNA-Seq Wild type 6hpf	
PRJNA150397		SRS284293	RNA-Seq	Danio rerio	no	NCBITaxon:7955	whole embryo	no			no			no			no		6hpf	no		wild type	no			no			no			no			no			no			no			no			no			no			no			no		Input mRNA-Seq Wild type 6hpf-2	
PRJNA150397		SRS284294	RNA-Seq	Danio rerio	no	NCBITaxon:7955	whole embryo	no			no			no			no		2hpf	no		MZdicer mutant	no			no			no			no			no			no			no			no			no			no			no			no		Ribosome protected fragments MZdicer 2hpf	
PRJNA150397		SRS284295	RNA-Seq	Danio rerio	no	NCBITaxon:7955	whole embryo	no			no			no			no		2hpf	no		MZdicer mutant	no			no			no			no			no			no			no			no			no			no			no			no		Ribosome protected fragments MZdicer 2hpf-2	
PRJNA150397		SRS284296	RNA-Seq	Danio rerio	no	NCBITaxon:7955	whole embryo	no			no			no			no		4hpf	no		MZdicer mutant	no			no			no			no			no			no			no			no			no			no			no			no		Ribosome protected fragments MZdicer 4hpf	
PRJNA150397		SRS284297	RNA-Seq	Danio rerio	no	NCBITaxon:7955	whole embryo	no			no			no			no		4hpf	no		MZdicer mutant	no			no			no			no			no			no			no			no			no			no			no			no		Ribosome protected fragments MZdicer 4hpf-2	
PRJNA150397		SRS284298	RNA-Seq	Danio rerio	no	NCBITaxon:7955	whole embryo	no			no			no			no		6hpf	no		MZdicer mutant	no			no			no			no			no			no			no			no			no			no			no			no		Ribosome protected fragments MZdicer 6hpf	
PRJNA150397		SRS284299	RNA-Seq	Danio rerio	no	NCBITaxon:7955	whole embryo	no			no			no			no		6hpf	no		MZdicer mutant	no			no			no			no			no			no			no			no			no			no			no			no		Ribosome protected fragments MZdicer 6hpf-2	
PRJNA150397		SRS284300	RNA-Seq	Danio rerio	no	NCBITaxon:7955	whole embryo	no			no			no			no		2hpf	no		wild type	no			no			no			no			no			no			no			no			no			no			no			no		Ribosome protected fragments Wild type 2hpf	
PRJNA150397		SRS284301	RNA-Seq	Danio rerio	no	NCBITaxon:7955	whole embryo	no			no			no			no		2hpf	no		wild type	no			no			no			no			no			no			no			no			no			no			no			no		Ribosome protected fragments Wild type 2hpf-2	
PRJNA150397		SRS284302	RNA-Seq	Danio rerio	no	NCBITaxon:7955	whole embryo	no			no			no			no		4hpf	no		wild type	no			no			no			no			no			no			no			no			no			no			no			no		Ribosome protected fragments Wild type 4hpf	
PRJNA150397		SRS284303	RNA-Seq	Danio rerio	no	NCBITaxon:7955	whole embryo	no			no			no			no		4hpf	no		wild type	no			no			no			no			no			no			no			no			no			no			no			no		Ribosome protected fragments Wild type 4hpf-2	
PRJNA150397		SRS284304	RNA-Seq	Danio rerio	no	NCBITaxon:7955	whole embryo	no			no			no			no		6hpf	no		wild type	no			no			no			no			no			no			no			no			no			no			no			no		Ribosome protected fragments Wild type 6hpf	
PRJNA150397		SRS284305	RNA-Seq	Danio rerio	no	NCBITaxon:7955	whole embryo	no			no			no			no		6hpf	no		wild type	no			no			no			no			no			no			no			no			no			no			no			no		Ribosome protected fragments Wild type 6hpf-2	
PRJNA285515		SRS950607	RNA-Seq	Danio rerio	no	NCBITaxon:7955	whole embryos	no			no			no		TLAB	no		Shield	no			no			no		not determined	no			no			no			no			no			no			no			no			no			no		Danio rerio Shield Stage Embryos RNA-Seq	Matched to ribosome profiling experiments in SAMN02087561
