bioproject	sources
PRJNA1009800	geo
PRJNA1009807	bioproject,geo
PRJNA1009808	bioproject,geo
PRJNA1009809	bioproject,geo
PRJNA1104180	bioproject,geo
PRJNA1174207	geo
PRJNA1224258	geo
PRJNA1238785	bioproject,geo
PRJNA1321709	bioproject,geo
PRJNA150397	bioproject,geo
PRJNA200706	bioproject,geo
PRJNA206070	bioproject,geo
PRJNA230112	geo
PRJNA232649	bioproject,geo
PRJNA285515	bioproject,sra
PRJNA288987	bioproject,geo
PRJNA305418	bioproject,sra
PRJNA397065	sra
PRJNA521558	sra
PRJNA551383	bioproject,geo
PRJNA715459	geo
PRJNA715464	bioproject,geo
PRJNA726251	bioproject,geo
PRJNA857656	geo
PRJNA871254	bioproject,geo
PRJNA872137	bioproject,geo
PRJNA918384	bioproject,geo
PRJNA989127	geo
PRJNA989134	bioproject,geo
