source	id	organism	title	description	pubmed	score	hits
bioproject	PRJNA1321709	Danio rerio	Nucleolar Protein Nop2 Promotes Neural Differentiation by Regulating Ribosome Biogenesis-related Processes	The NOP2 nucleolar protein (NOP2) serves pivotal functions in ribosome biogenesis, cell cycle regulation and embryonic development, yet its spatiotemporal dynamics and mechanistic contributions to neural development remain elusive. Through CRISPR/Cas9-mediated knockout modeling in zebrafish, we demonstrated that NOP2 nucleolar protein homolog (yeast) (nop2) deficiency induced embryonic lethality within 3-5 days post-fertilization (dpf), accompanied by pathognomonic microcephaly and cerebral edema. Mechanistic analysis suggested that nop2 ablation triggered differentiation impairment in neural progenitors, which accumulated extensively in brain tissue and led to impaired generation of neurons and glial cells. In addition, nop2 deficiency activated p53-dependent apoptosis in neural cells. Biochemical characterization revealed compromised pre-ribosomal particle processing in mutants, establishing defective ribosome biogenesis as the primary molecular lesion. Ribosome profiling (Ribo-seq) uncovered aberrant regulation of nervous system processes and activation of p53-mediated apoptosis in neural cells. Genetic epistasis experiments demonstrated that tp53 mutation partially rescued neurogenic defects and reduced cerebral edema, but failed to rescue microcephaly. These findings provide evidence supporting the role of Nop2 as a significant regulator in neural development. Our results demonstrate that Nop2 promotes neural differentiation by regulating ribosome biogenesis-related processes, thereby extending our previous research on rRNA metabolism-related genes in neurodevelopment. Moreover, our study provides critical insights into developing early interventions against neurodevelopmental disorders associated with ribosomopathies. Overall design: For Ribo-seq: Brain tissues of siblilng and nop2 mutant zebrafish at 48 hpf were isolated in 1xPBS at 4°C, rapidly froze in liquid nitrogen, and sent to Gene Denovo for ribosome sequencing. Ribosomes were separated, and sequencing libraries were prepared. For RNA-BS-seq: We collected brain tissues of these two zebrafish groups mention above at 48 hpf in pre-cooling 1xPBS, rapidly frozen them in liquid nitrogen, and sent E-GENE for RNA bisulfite sequencing. mRNA was isolated, bisulfite-converted, and purified. Libraries were generated through cDNA synthesis and PCR amplification.	41631357	2	ribo[-\s]?seq;ribosome\s+profil(ing|e)
bioproject	PRJNA1238785	Danio rerio	NOC4L coordinates neuronal and pharyngeal arch development by regulating ribosome biogenesis-related processes	Bowen-Conradi syndrome (BCS) is an autosomal-recessive disease marked by lethality and characterized by neurodevelopmental delays, microcephaly, and craniofacial abnormalities, yet remains mechanistically underexplored due to the absence of robust biological models. To address this gap, we generated the first vertebrate model of BCS through CRISPR-Cas9-mediated noc4l knockout in zebrafish. Our model recapitulates key clinical features observed in BCS patients, including microcephaly, micrognathia, and developmental delay. Histopathology revealed diminished cell proliferation and elevated apoptosis within cephalic and pharyngeal arch regions of mutants. Molecular characterization revealed that rRNA processing defects impaired ribosome biogenesis, reducing 40S and 80S subunits and polysomes, ultimately leading to suppression of protein synthesis. Mechanistically, translatomic profiling identified PPARγ signaling as a significantly downregulated pathway in noc4l mutants. Rosiglitazone-induced PPARγ activation partially rescued cranial and pharyngeal cartilage defects, while also alleviating neurodevelopmental deficits. This work establishes impaired translational machinery as the pathogenic core of BCS and highlights PPARγ agonism as a viable therapeutic strategy, with rosiglitazone demonstrating preclinical efficacy in rescuing disease-relevant phenotypes. Our findings provide both a pathophysiological framework for BCS and a platform for testing translation-targeted interventions. Overall design: We cut the head of the siblings and the noc4l -/- mutants with 1-ml syringe needle. Total RNA of the head from embryos at 5 dpf were isolated using TRIzol. RNA-Seq and Ribo-seq were performed in the Gene Denovo Biotechnology (Guangzhou, China). Differentially expressed genes (DEGs) were detected using DESeq2. Reactome enrichment analysis and GO enrichment analysis were performed to elucidate the functional implications of DEGs. DEGs with a false discovery rate (FDR) of less than 0.05 were selected for enrichment analysis.	41358835	1	ribo[-\s]?seq
bioproject	PRJNA1104180	Danio rerio	Double-stranded RNA triggers a distinct integrated stress response in the early embryo [RNA-seq, Ribo-seq]	Double-stranded RNA (dsRNA) is associated with virus infections and is present as by-products during the transcription of synthetic mRNA, which has been widely used in gene gain-of-function studies and serves as a core component in emerging mRNA-based therapies1-4. The presence of dsRNA in host cells induces an integrated stress response that functions to prevent virus replication and infection5,6. Unlike differentiated cells, undifferentiated cells adopt a distinct defense strategy against RNA virus infection7, but the mechanism is unclear. We show a previously unidentified response triggered by dsRNA in the early embryo. Although dsRNA causes a global protein translation inhibition in a PKR-eIF2α independent manner and leads to developmental delay and cell necrosis, it also strongly induces p53 activation, which then upregulates Interferon Stimulated Genes independently of interferon ligands. Importantly, we demonstrate that the burst of p53 signaling dose not result in cell death but functions as a protective mechanism against deleterious translation blockage by slowing down global protein degradation via ISGylation. Our work has identified a distinct dsRNA-induced stress response in the embryo, reflecting an ancient innate immune memory before the establishment of the IFN system. It also raises the provocative question as to the original protective role of p53 during evolution. Overall design: To characterize the distribution of ribosomes on mRNA, we performed Ribosome profiling (Ribo-seq) analysis with RNA-seq on dsRNA-injected embryos.		2	ribo[-\s]?seq;ribosome\s+profil(ing|e)
bioproject	PRJNA1009809	Danio rerio	Dynamics of the zebrafish tRNAome during the maternal-to-zygotic transition [Ribo-Seq]	Time course analysis of tRNA abundance during zebrafish early embryonic development. Overall design: Wild-type (TLAB strain) zebrafish embryos were grown in standard housing conditions.Unfertilized eggs (0 hours post-fertilization; hpf) were collected or embryos were staged and collected at consecutive developmental time-points, namelyat the 256-cell (2.5 hpf), 1000-cell (3 hpf), sphere (4 hpf), shield (6 hpf) and bud (10 hpf) stages. Eggs and embryos were either flash-frozen in liquid nitrogen or immediately processed. Samples were used for western blotting analysis, polysome profiling, ribosome profiling or mRNA and tRNA sequencing for investigating the regulation of tRNA gene expression and translational status during early zebrafish embryogenesis.	39402326	2	ribo[-\s]?seq;ribosome\s+profil(ing|e)
bioproject	PRJNA1009808	Danio rerio	Dynamics of the zebrafish tRNAome during the maternal-to-zygotic transition [tRNA-Seq]	Time course analysis of tRNA abundance during zebrafish early embryonic development. Overall design: Wild-type (TLAB strain) zebrafish embryos were grown in standard housing conditions.Unfertilized eggs (0 hours post-fertilization; hpf) were collected or embryos were staged and collected at consecutive developmental time-points, namelyat the 256-cell (2.5 hpf), 1000-cell (3 hpf), sphere (4 hpf), shield (6 hpf) and bud (10 hpf) stages. Eggs and embryos were either flash-frozen in liquid nitrogen or immediately processed. Samples were used for western blotting analysis, polysome profiling, ribosome profiling or mRNA and tRNA sequencing for investigating the regulation of tRNA gene expression and translational status during early zebrafish embryogenesis.	39402326	1	ribosome\s+profil(ing|e)
bioproject	PRJNA1009807	Danio rerio	Dynamics of the zebrafish tRNAome during the maternal-to-zygotic transition [RNA-Seq]	Time course analysis of tRNA abundance during zebrafish early embryonic development. Overall design: Wild-type (TLAB strain) zebrafish embryos were grown in standard housing conditions.Unfertilized eggs (0 hours post-fertilization; hpf) were collected or embryos were staged and collected at consecutive developmental time-points, namelyat the 256-cell (2.5 hpf), 1000-cell (3 hpf), sphere (4 hpf), shield (6 hpf) and bud (10 hpf) stages. Eggs and embryos were either flash-frozen in liquid nitrogen or immediately processed. Samples were used for western blotting analysis, polysome profiling, ribosome profiling or mRNA and tRNA sequencing for investigating the regulation of tRNA gene expression and translational status during early zebrafish embryogenesis.	39402326	1	ribosome\s+profil(ing|e)
bioproject	PRJNA989134	Danio rerio	Translation of zinc finger domains induces ribosome collision and Znf598-dependent mRNA decay in zebrafish [Ribo-seq]	Quality control of translation is crucial for maintaining cellular and organismal homeostasis. Obstacles in translation elongation induce ribosome collision, which is monitored by multiple sensor mechanisms in eukaryotes. The E3 ubiquitin ligase Znf598 recognizes collided ribosomes, triggering ribosome-associated quality control (RQC) to rescue stalled ribosomes and no-go decay (NGD) to degrade stall-prone mRNAs. However, the impact of RQC and NGD on maintaining the translational homeostasis of endogenous mRNAs has remained unclear. In this study, we investigated the endogenous substrate mRNAs of NGD during the maternal-to-zygotic transition (MZT) of zebrafish development. RNA-Seq analysis of zebrafish znf598 mutant embryos revealed that Znf598 downregulates mRNAs encoding the C2H2-type zinc finger domain (C2H2-ZF) during the MZT. Reporter assays and disome profiling indicated that ribosomes stall and collide while translating tandem C2H2-ZFs, leading to mRNA degradation by Znf598. Our results suggest that NGD maintains the quality of the translatome by mitigating the risk of ribosome collision at the abundantly present C2H2-ZF sequences in the vertebrate genome. Overall design: Ribosome profiling	39636823	2	ribo[-\s]?seq;ribosome\s+profil(ing|e)
bioproject	PRJNA918384	Danio rerio	Cpeb1b-mediated cytoplasmic polyadenylation of shha mRNA modulates zebrafish definitive hematopoiesis [RIBO-Seq]	Ribosome profiling RNA sequencing in the low dose cpeb1b MO injected wt and cpeb1b mutant zebrafish embryos Overall design: Ribo-seq of 6 samples from the low dose cpeb1b MO injected wt zebrafish embryos and 6 samples from the low dose cpeb1b MO injected Cpeb1b mutant zebrafish embryos at 8 hpf, 16 hpf, and 22 hpf.		2	ribo[-\s]?seq;ribosome\s+profil(ing|e)
bioproject	PRJNA872137	Danio rerio	The Translation Initiation Factor Homolog, eif4e1c, Regulates Cardiomyocyte Metabolism and Proliferation During Heart Regeneration.	The eIF4E family of translation initiation factors bind 5’ methylated caps and act as the limiting-step for mRNA translation. The canonical eIF4E1A is required for cell viability, yet other related families exist and are all utilized in specific contexts or tissues. Here, we describe a new family called Eif4e1c that is ancestral to the canonical eIF4E1A in vertebrates, and for which we find roles during heart development and regeneration in zebrafish. The Eif4e1c family is present in all aquatic vertebrates but has been lost in all terrestrial species. A core group of amino acids shared over 500 million years of evolution from ray-finned fish to sharks forms an evolutionarily conserved binding interface along the surface of the protein, suggesting Eif4e1c functions in a novel pathway.  Deletion of eif4e1c in zebrafish caused growth deficits and impaired survival in juveniles. Mutants surviving to adulthood had fewer cardiomyocytes, while also showing reduced proliferative responses to cardiac injury. Ribosome profiling of mutant hearts demonstrated changes in translation efficiency of mRNA for genes known to regulate cardiomyocyte proliferation. Although eif4e1c is expressed in many tissues and is the predominant cap-binding initiation homolog in embryos, its disruption had most notable impact on the heart and at juvenile stages.  Our findings reveal context-dependent requirements for translation initiation regulators during heart regeneration. Overall design: Ribosome profiling of adult uninjured eif4e1c zebrafish mutant hearts and adult uninjured EK zebrafish (wildtype) hearts.	37306388	1	ribosome\s+profil(ing|e)
bioproject	PRJNA871254	Danio rerio	Mycn regulates intestinal development through ribosomal biogenesis in a zebrafish model of Feingold syndrome 1 (RNA-seq and Ribo-seq)	Purpose: To systematically investigate the molecular mechanisms resulting from Mycn loss-of-function. Methods: Approximately 30 mycn mutant or WT zebrafish embryos at 72 hpf (hours post fertilization) were harvested . Libraries were prepared using Chromium Controller and Chromium Single Cell 3’Library & Gel Bead Kit v3 (10x Genomics, PN-1000074) according to the manufacturer’s protocol for 10000 cells recovery. Results: More than 3,000 genes showed reduced tranlation efficiency in Mycn mutant. Conclusions: mTOR signaling was reduced in Mycn mutant. Overall design: wild-type or mycn zebrafish embryos at 72 hpf were harvested for RNA-seq and Ribo-seq.		1	ribo[-\s]?seq
bioproject	PRJNA726251	Danio rerio	Ribosome profiling analysis of zebrafish embryos injected with the codon tag reporter library	We measured the effect of codons on mRNA stability in zebrafish embryos using reporter mRNAs. We showed that slow decoding of codons by the ribosome promoted mRNA degradation in zebrafish. Overall design: Ribosome profiling of zebrafish embryos.		1	ribosome\s+profil(ing|e)
bioproject	PRJNA715464	Danio rerio	Ribosome profiling RNA sequencing in zebrafish embryos	We show that liquid-liquid phase separation (LLPS)-mediated zebrafish Ddx3xb condensation facilitates MZT through promoting maternal mRNAs translation. Ddx3xb forms condensates via its N-terminal intrinsically disordered regions (IDRs), and the gradually increased ATP concentration after fertilization promotes its aggregation capability. Ddx3xb-deficiency decelerates the decay of maternal mRNAs and impedes zygotic genome activation, further leading to developmental defect. The phenotype in Ddx3xb-deficiency embryos can be efficiently rescued by condensed Ddx3xb, but not the Ddx3xb without LLPS ability. Mechanistically, the condensation of Ddx3xb is vital for its RNA helicase activity, which is critical for involved in promoting translation efficiency of maternal mRNAs through opening 5’ UTR structures during the MZT process. Our study demonstrates that the condensation of Ddx3xb promotes maternal mRNAs translation via its RNA unwinding activity and further facilitates MZT, highlighting the critical role of protein phase separation in translational control and animal early development.   Overall design: Ribo-seq of 2 samples from Ddx3xb mutant zebrafish embryos at 4 hpf, 2 samples from Ddx3xb mutant injected with ddx3xbFL zebrafish embryos at 4 hpf and 2 samples from Ddx3xb mutant injected with ddx3xb_deltaN zebrafish embryos at 4 hpf Please note that each processed data was generated from both replicates and is linked to the corresponding rep1 sample records.		2	ribo[-\s]?seq;ribosome\s+profil(ing|e)
bioproject	PRJNA551383	Danio rerio	Defining codon-mediated mRNA decay and No-go decay in zebrafish embryos	The control of mRNA stability plays a central role in regulating gene expression patterns. While much is known about the roles of 5´ and 3´ untranslated regions in the mRNA stability control, the impact of protein-coding sequences on mRNA stability had been obscure. Recently, several groups reported that codon composition in the ORF affects mRNA deadenylation and degradation rates in a translation-dependent manner. Hence, codons define not only the amino acid sequences to be synthesized but also the stability of mRNAs. However, how 61 codons differently affect mRNA stability remains unclear. Besides, aberrant stalling of the ribosome induces ribosome quality control (RQC) and No-go decay. The relationship between the two co-translational mRNA decay pathways is not systematically analyzed. To precisely characterize the effects of 61 codons on mRNA stability, we developed a simplified reporter system that allows detection of the effect of every single codon on mRNA stability in zebrafish embryos. Using this system, we show that the effect of codons on mRNA stability is partially but significantly correlated with the translation elongation rate and tRNA abundance. Interestingly, the codon effect is still maintained in zebrafish embryos lacking Znf598, an essential mediator of RQC and NGD. Znf598-dependent NGD targets a particular type of ribosome stalling but has limited impact on endogenous mRNA stability. Our study thus defines two related co-translational mRNA decay pathways during animal development. Overall design: Ribosome profiling	32375038	1	ribosome\s+profil(ing|e)
bioproject	PRJNA305418	Danio rerio	RiboZero mRNA-seq across zebrafish development, for study of uORFs	Untranslated mRNA regions(UTRs) are key mediators of post-transcriptional regulation. Previous studies have predicted thousands of ORFs in 5'UTRs, the vast majority of which have unknown function. We present a systematic analysis of the translation and function of upstream open reading frames(uORFs) across vertebrates. Combining high-resolution ribosome footprinting and phasing, we find that i) uORFs are pervasive within vertebrate transcriptomes, ii) the majority show signatures of active translation, and iii) uORFs act as potent regulators of translation and RNA levels, with a similar magnitude to miRNAs. Evolution has targeted sequence features to mitigate the effects of constitutively repressive uORFs. Finally, we observe that the regulatory potential of uORFs on individual genes is conserved across species. These results provide insight into the regulatory code within mRNA leader sequences and their capacity to modulate translation across vertebrates.</p><p>The mRNA-seq data contained in this archive were used along with ribosome profiling data to calculate translation efficiency values.		2	ribosome\s+profil(ing|e);ribosome\s+footprint(ing)?
bioproject	PRJNA288987	Danio rerio	RNA-Seq matched to ribosome profiling over a zebrafish developmental timecourse	RNA-Seq data that is sample matched to a previous ribosome profiling dataset GSE46512 Overall design: RNA-Seq over 8 stages in early zebrafish development, matched to ribosome profiling data in : 2-4 cell, 256 cell, 1K cell, Dome, Shield, Bud, 28hpf and 5dpf		1	ribosome\s+profil(ing|e)
bioproject	PRJNA285515	Danio rerio	Danio rerio shield stage transcriptome	Matched RNA-seq to ribosome profiling		1	ribosome\s+profil(ing|e)
bioproject	PRJNA232649	Danio rerio	Identification of small ORFs in vertebrates using ribosome footprinting and evolutionary conservation	Identification of the coding elements in the genome is a fundamental step to understanding the building blocks of living systems. Short peptides (< 100 aa) have emerged as important regulators of development and physiology, but their identification has been limited by their size. We have leveraged the periodicity of ribosome movement on the mRNA to define actively translated ORFs by ribosome footprinting. This approach identifies several hundred translated small ORFs in zebrafish and human. Computational prediction of small ORFs from codon conservation patterns corroborates and extends these findings and identifies conserved sequences in zebrafish and human, suggesting functional peptide products (micropeptides). These results identify micropeptide‐encoding genes in vertebrates, providing an entry point to define their function in vivo. Overall design: Ribosome profiling experiments at five timepoints across zebrafish development in WT embryos	24705786	2	ribosome\s+profil(ing|e);ribosome\s+footprint(ing)?
bioproject	PRJNA206070	Danio rerio	Nanog, SoxB1 and Pou5f1/Oct4 regulate widespread zygotic gene activation during the maternal-to-zygotic transition	Upon fertilization, maternal factors direct development in a transcriptionally silent embryo. At the maternal-to-zygotic transition (MZT), a universal step in animal development, unknown maternal factors trigger zygotic genome activation (ZGA). In zebrafish, ZGA is required for gastrulation and clearance of maternal mRNAs, which is achieved in part by the conserved microRNA miR-430. However, the precise factors that activate the zygotic program remain largely unknown. Here we show that Nanog, Pou5f1 and SoxB1 are required for genome activation in zebrafish. We identified several hundred genes directly activated by maternal factors, thus constituting the first wave of zygotic transcription in zebrafish. Ribosome profiling in the pre-MZT embryo revealed that nanog, sox19b and pou5f1 are the most highly translated transcription factor mRNAs. Combined loss of function for Nanog, SoxB1 and Pou5f1 resulted in developmental arrest prior to gastrulation, and a failure to activate >75% of zygotic genes. Furthermore, we found that Nanog binds the miR-430 locus and together with Pou5f1 and SoxB1 initiate miR-430 expression and activity. Our results demonstrate that maternal Nanog, Pou5f1 and SoxB1 are required to initiate the zygotic developmental program and in turn trigger the clearance of the maternal program by activating miR-430 expression. Overall design: Wild type and loss-of-function total mRNA sequencing of embryonic transcriptomes pre- and post-MZT; ribosome profiling pre-MZT	24056933	1	ribosome\s+profil(ing|e)
bioproject	PRJNA200706	Danio rerio	Ribosome Profiling over a Zebrafish Developmental Timecourse	To experimentally-validate the non-coding status of annotated lncRNAs, we performed ribosome profiling over a developmental timecourse that matched our previously-published (Pauli et al. 2012) developmental transcriptome. We find that many previously-annotated lncRNAs appear to be translated, but in a pattern more akin to 5' leaders of coding genes. Overall design: Ribosome profiling over 8 stages in early zebrafish development: 2-4 cell, 256 cell, 1K cell, Dome, Shield, Bud, 28hpf and 5dpf	23698349	1	ribosome\s+profil(ing|e)
bioproject	PRJNA150397	Danio rerio	Ribosome profiling of early zebrafish embryos -- miRNA-mediated regulation during embryogenesis causes translational repression before mRNA decay	MicroRNAs regulate gene expression through deadenylation, repression and mRNA decay. However, the contribution of each mechanism in non-steady-state situations remains unclear. We monitored the impact of miR-430 on ribosome occupancy of endogenous mRNAs in wild type and dicer mutants lacking mature miR-430. Our results indicate that miR-430 reduces the number of ribosomes on target mRNAs before causing mRNA decay. Translational repression occurs before complete deadenylation, and disrupting deadenylation using an internal poly(A) tail did not block target repression. Finally, we observe that ribosome density along the length of the target mRNA remains constant, suggesting that translational repression occurs by reducing the initiation rate rather than reducing elongation or causing ribosomal drop-off. In summary, our results show that miR-430 regulates translation initiation before inducing mRNA decay. Overall design: Time course parallel ribosome profiling and input mRNA quantification in wildtype and MZdicer mutant embryos	22422859	1	ribosome\s+profil(ing|e)
